ADC_Code,DAC_Output,ADC_Input,Diff,Spikes
0,,,,0.0
1,,,,0.0
2,,,,0.0
3,,,,0.0
4,,,,0.0
5,,,,0.0
6,,,,0.0
7,,,,0.0
8,,,,0.0
9,,,,0.0
10,,,,0.0
11,,,,0.0
12,,,,0.0
13,,,,0.0
14,,,,0.0
15,,,,0.0
16,,,,0.0
17,,,,0.0
18,,,,0.0
19,,,,0.0
20,,,,0.0
21,,,,0.0
22,,,,0.0
23,,,,0.0
24,,,,0.0
25,,,,0.0
26,,,,0.0
27,,,,0.0
28,,,,0.0
29,,,,0.0
30,,,,0.0
31,,,,0.0
32,,,,0.0
33,,,,0.0
34,2.0,34.0,-32.0,0.0
35,4.0,35.0,-31.0,0.0
36,6.0,36.0,-30.0,0.0
37,,,,0.0
38,,,,0.0
39,8.0,39.0,-31.0,0.0
40,,,,0.0
41,,,,0.0
42,10.0,42.0,-32.0,0.0
43,12.0,43.0,-31.0,0.0
44,,,,0.0
45,14.0,45.0,-31.0,0.0
46,,,,0.0
47,16.0,47.0,-31.0,0.0
48,,,,0.0
49,18.0,49.0,-31.0,0.0
50,20.0,50.0,-30.0,0.0
51,,,,0.0
52,22.0,52.0,-30.0,0.0
53,,,,0.0
54,24.0,54.0,-30.0,0.0
55,,,,0.0
56,,,,0.0
57,26.0,57.0,-31.0,0.0
58,28.0,58.0,-30.0,0.0
59,,,,0.0
60,30.0,60.0,-30.0,0.0
61,,,,0.0
62,32.0,62.0,-30.0,0.0
63,,,,0.0
64,34.0,64.0,-30.0,0.0
65,,,,0.0
66,36.0,66.0,-30.0,0.0
67,,,,0.0
68,38.0,68.0,-30.0,0.0
69,,,,0.0
70,40.0,70.0,-30.0,0.0
71,,,,0.0
72,42.0,72.0,-30.0,0.0
73,,,,0.0
74,46.0,74.0,-28.0,0.0
75,,,,0.0
76,,,,0.0
77,,,,0.0
78,48.0,78.0,-30.0,0.0
79,,,,0.0
80,50.0,80.0,-30.0,0.0
81,52.0,81.0,-29.0,0.0
82,,,,0.0
83,,,,0.0
84,54.0,84.0,-30.0,0.0
85,56.0,85.0,-29.0,0.0
86,,,,0.0
87,,,,0.0
88,58.0,88.0,-30.0,0.0
89,60.0,89.0,-29.0,0.0
90,,,,0.0
91,62.0,91.0,-29.0,0.0
92,,,,0.0
93,64.0,93.0,-29.0,0.0
94,,,,0.0
95,66.0,95.0,-29.0,0.0
96,,,,0.0
97,68.0,97.0,-29.0,0.0
98,,,,0.0
99,,,,0.0
100,70.0,100.0,-30.0,0.0
101,72.0,101.0,-29.0,0.0
102,,,,0.0
103,74.0,103.0,-29.0,0.0
104,,,,0.0
105,76.0,105.0,-29.0,0.0
106,,,,0.0
107,78.0,107.0,-29.0,0.0
108,,,,0.0
109,80.0,109.0,-29.0,0.0
110,,,,0.0
111,82.0,111.0,-29.0,0.0
112,,,,0.0
113,84.0,113.0,-29.0,0.0
114,,,,0.0
115,86.0,115.0,-29.0,0.0
116,88.0,116.0,-28.0,0.0
117,,,,0.0
118,,,,0.0
119,90.0,119.0,-29.0,0.0
120,,,,0.0
121,92.0,121.0,-29.0,0.0
122,,,,0.0
123,94.0,123.0,-29.0,0.0
124,,,,0.0
125,96.0,125.0,-29.0,0.0
126,,,,0.0
127,98.0,127.0,-29.0,0.0
128,,,,0.0
129,100.0,129.0,-29.0,0.0
130,,,,0.0
131,102.0,131.0,-29.0,0.0
132,,,,0.0
133,104.0,133.0,-29.0,0.0
134,,,,0.0
135,106.0,135.0,-29.0,0.0
136,,,,0.0
137,108.0,137.0,-29.0,0.0
138,,,,0.0
139,110.0,139.0,-29.0,0.0
140,,,,0.0
141,112.0,141.0,-29.0,0.0
142,,,,0.0
143,114.0,143.0,-29.0,0.0
144,,,,0.0
145,116.0,145.0,-29.0,0.0
146,,,,0.0
147,118.0,147.0,-29.0,0.0
148,,,,0.0
149,120.0,149.0,-29.0,0.0
150,,,,0.0
151,122.0,151.0,-29.0,0.0
152,,,,0.0
153,124.0,153.0,-29.0,0.0
154,,,,0.0
155,126.0,155.0,-29.0,0.0
156,,,,0.0
157,128.0,157.0,-29.0,0.0
158,,,,0.0
159,130.0,159.0,-29.0,0.0
160,,,,0.0
161,132.0,161.0,-29.0,0.0
162,,,,0.0
163,134.0,163.0,-29.0,0.0
164,,,,0.0
165,136.0,165.0,-29.0,0.0
166,,,,0.0
167,138.0,167.0,-29.0,0.0
168,,,,0.0
169,140.0,169.0,-29.0,0.0
170,,,,0.0
171,142.0,171.0,-29.0,0.0
172,144.0,172.0,-28.0,0.0
173,,,,0.0
174,146.0,174.0,-28.0,0.0
175,,,,0.0
176,,,,0.0
177,148.0,177.0,-29.0,0.0
178,150.0,178.0,-28.0,0.0
179,,,,0.0
180,152.0,180.0,-28.0,0.0
181,,,,0.0
182,,,,0.0
183,154.0,183.0,-29.0,0.0
184,,,,0.0
185,156.0,185.0,-29.0,0.0
186,,,,0.0
187,158.0,187.0,-29.0,0.0
188,,,,0.0
189,160.0,189.0,-29.0,0.0
190,,,,0.0
191,162.0,191.0,-29.0,0.0
192,,,,0.0
193,164.0,193.0,-29.0,0.0
194,,,,0.0
195,166.0,195.0,-29.0,0.0
196,,,,0.0
197,168.0,197.0,-29.0,0.0
198,170.0,198.0,-28.0,0.0
199,,,,0.0
200,,,,0.0
201,172.0,201.0,-29.0,0.0
202,,,,0.0
203,174.0,203.0,-29.0,0.0
204,176.0,204.0,-28.0,0.0
205,,,,0.0
206,,,,0.0
207,178.0,207.0,-29.0,0.0
208,180.0,208.0,-28.0,0.0
209,,,,0.0
210,,,,0.0
211,182.0,211.0,-29.0,0.0
212,184.0,212.0,-28.0,0.0
213,,,,0.0
214,186.0,214.0,-28.0,0.0
215,,,,0.0
216,,,,0.0
217,188.0,217.0,-29.0,0.0
218,190.0,218.0,-28.0,0.0
219,,,,0.0
220,192.0,220.0,-28.0,0.0
221,194.0,221.0,-27.0,0.0
222,,,,0.0
223,,,,0.0
224,196.0,224.0,-28.0,0.0
225,,,,0.0
226,198.0,226.0,-28.0,0.0
227,,,,0.0
228,200.0,228.0,-28.0,0.0
229,,,,0.0
230,202.0,230.0,-28.0,0.0
231,,,,0.0
232,204.0,232.0,-28.0,0.0
233,,,,0.0
234,206.0,234.0,-28.0,0.0
235,,,,0.0
236,208.0,236.0,-28.0,0.0
237,,,,0.0
238,210.0,238.0,-28.0,0.0
239,,,,0.0
240,212.0,240.0,-28.0,0.0
241,,,,0.0
242,214.0,242.0,-28.0,0.0
243,,,,0.0
244,216.0,244.0,-28.0,0.0
245,,,,0.0
246,218.0,246.0,-28.0,0.0
247,,,,0.0
248,220.0,248.0,-28.0,0.0
249,,,,0.0
250,222.0,250.0,-28.0,0.0
251,,,,0.0
252,224.0,252.0,-28.0,0.0
253,,,,0.0
254,226.0,254.0,-28.0,0.0
255,,,,0.0
256,228.0,256.0,-28.0,0.0
257,,,,0.0
258,230.0,258.0,-28.0,0.0
259,,,,0.0
260,232.0,260.0,-28.0,0.0
261,234.0,261.0,-27.0,0.0
262,,,,0.0
263,,,,0.0
264,236.0,264.0,-28.0,0.0
265,,,,0.0
266,238.0,266.0,-28.0,0.0
267,240.0,267.0,-27.0,0.0
268,,,,0.0
269,,,,0.0
270,242.0,270.0,-28.0,0.0
271,,,,0.0
272,244.0,272.0,-28.0,0.0
273,246.0,273.0,-27.0,0.0
274,,,,0.0
275,,,,0.0
276,248.0,276.0,-28.0,0.0
277,,,,0.0
278,250.0,278.0,-28.0,0.0
279,252.0,279.0,-27.0,0.0
280,,,,0.0
281,,,,0.0
282,254.0,282.0,-28.0,0.0
283,,,,0.0
284,256.0,284.0,-28.0,0.0
285,258.0,285.0,-27.0,0.0
286,,,,0.0
287,,,,0.0
288,260.0,288.0,-28.0,0.0
289,262.0,289.0,-27.0,0.0
290,,,,0.0
291,264.0,291.0,-27.0,0.0
292,,,,0.0
293,266.0,293.0,-27.0,0.0
294,,,,0.0
295,,,,0.0
296,268.0,296.0,-28.0,0.0
297,,,,0.0
298,270.0,298.0,-28.0,0.0
299,272.0,299.0,-27.0,0.0
300,,,,0.0
301,,,,0.0
302,274.0,302.0,-28.0,0.0
303,,,,0.0
304,276.0,304.0,-28.0,0.0
305,,,,0.0
306,,,,0.0
307,280.0,307.0,-27.0,0.0
308,,,,0.0
309,282.0,309.0,-27.0,0.0
310,,,,0.0
311,,,,0.0
312,284.0,312.0,-28.0,0.0
313,286.0,313.0,-27.0,0.0
314,,,,0.0
315,,,,0.0
316,288.0,316.0,-28.0,0.0
317,290.0,317.0,-27.0,0.0
318,,,,0.0
319,292.0,319.0,-27.0,0.0
320,,,,0.0
321,294.0,321.0,-27.0,0.0
322,,,,0.0
323,296.0,323.0,-27.0,0.0
324,,,,0.0
325,298.0,325.0,-27.0,0.0
326,,,,0.0
327,300.0,327.0,-27.0,0.0
328,,,,0.0
329,,,,0.0
330,302.0,330.0,-28.0,0.0
331,304.0,331.0,-27.0,0.0
332,,,,0.0
333,306.0,333.0,-27.0,0.0
334,,,,0.0
335,308.0,335.0,-27.0,0.0
336,,,,0.0
337,310.0,337.0,-27.0,0.0
338,,,,0.0
339,312.0,339.0,-27.0,0.0
340,,,,0.0
341,314.0,341.0,-27.0,0.0
342,,,,0.0
343,316.0,343.0,-27.0,0.0
344,,,,0.0
345,318.0,345.0,-27.0,0.0
346,,,,0.0
347,320.0,347.0,-27.0,0.0
348,,,,0.0
349,322.0,349.0,-27.0,0.0
350,,,,0.0
351,324.0,351.0,-27.0,0.0
352,,,,0.0
353,326.0,353.0,-27.0,0.0
354,,,,0.0
355,328.0,355.0,-27.0,0.0
356,,,,0.0
357,330.0,357.0,-27.0,0.0
358,,,,0.0
359,332.0,359.0,-27.0,0.0
360,,,,0.0
361,334.0,361.0,-27.0,0.0
362,,,,0.0
363,336.0,363.0,-27.0,0.0
364,,,,0.0
365,338.0,365.0,-27.0,0.0
366,,,,0.0
367,340.0,367.0,-27.0,0.0
368,,,,0.0
369,342.0,369.0,-27.0,0.0
370,,,,0.0
371,344.0,371.0,-27.0,0.0
372,346.0,372.0,-26.0,0.0
373,,,,0.0
374,348.0,374.0,-26.0,0.0
375,,,,0.0
376,,,,0.0
377,350.0,377.0,-27.0,0.0
378,,,,0.0
379,352.0,379.0,-27.0,0.0
380,,,,0.0
381,354.0,381.0,-27.0,0.0
382,356.0,382.0,-26.0,0.0
383,,,,0.0
384,,,,0.0
385,358.0,385.0,-27.0,0.0
386,,,,0.0
387,360.0,387.0,-27.0,0.0
388,,,,0.0
389,362.0,389.0,-27.0,0.0
390,,,,0.0
391,364.0,391.0,-27.0,0.0
392,,,,0.0
393,366.0,393.0,-27.0,0.0
394,,,,0.0
395,368.0,395.0,-27.0,0.0
396,,,,0.0
397,,,,0.0
398,370.0,398.0,-28.0,0.0
399,372.0,399.0,-27.0,0.0
400,,,,0.0
401,374.0,401.0,-27.0,0.0
402,,,,0.0
403,376.0,403.0,-27.0,0.0
404,,,,0.0
405,378.0,405.0,-27.0,0.0
406,,,,0.0
407,380.0,407.0,-27.0,0.0
408,,,,0.0
409,382.0,409.0,-27.0,0.0
410,,,,0.0
411,384.0,411.0,-27.0,0.0
412,,,,0.0
413,386.0,413.0,-27.0,0.0
414,,,,0.0
415,388.0,415.0,-27.0,0.0
416,,,,0.0
417,390.0,417.0,-27.0,0.0
418,,,,0.0
419,392.0,419.0,-27.0,0.0
420,,,,0.0
421,394.0,421.0,-27.0,0.0
422,,,,0.0
423,396.0,423.0,-27.0,0.0
424,,,,0.0
425,398.0,425.0,-27.0,0.0
426,,,,0.0
427,400.0,427.0,-27.0,0.0
428,,,,0.0
429,402.0,429.0,-27.0,0.0
430,,,,0.0
431,404.0,431.0,-27.0,0.0
432,,,,0.0
433,406.0,433.0,-27.0,0.0
434,,,,0.0
435,408.0,435.0,-27.0,0.0
436,410.0,436.0,-26.0,0.0
437,,,,0.0
438,,,,0.0
439,412.0,439.0,-27.0,0.0
440,,,,0.0
441,414.0,441.0,-27.0,0.0
442,,,,0.0
443,416.0,443.0,-27.0,0.0
444,418.0,444.0,-26.0,0.0
445,,,,0.0
446,,,,0.0
447,420.0,447.0,-27.0,0.0
448,,,,0.0
449,422.0,449.0,-27.0,0.0
450,,,,0.0
451,424.0,451.0,-27.0,0.0
452,426.0,452.0,-26.0,0.0
453,,,,0.0
454,,,,0.0
455,,,,0.0
456,428.0,456.0,-28.0,0.0
457,430.0,457.0,-27.0,0.0
458,,,,0.0
459,432.0,459.0,-27.0,0.0
460,434.0,460.0,-26.0,0.0
461,,,,0.0
462,,,,0.0
463,436.0,463.0,-27.0,0.0
464,,,,0.0
465,438.0,465.0,-27.0,0.0
466,440.0,466.0,-26.0,0.0
467,,,,0.0
468,,,,0.0
469,442.0,469.0,-27.0,0.0
470,,,,0.0
471,444.0,471.0,-27.0,0.0
472,,,,0.0
473,446.0,473.0,-27.0,0.0
474,,,,0.0
475,448.0,475.0,-27.0,0.0
476,450.0,476.0,-26.0,0.0
477,,,,0.0
478,,,,0.0
479,452.0,479.0,-27.0,0.0
480,,,,0.0
481,454.0,481.0,-27.0,0.0
482,456.0,482.0,-26.0,0.0
483,,,,0.0
484,458.0,484.0,-26.0,0.0
485,,,,0.0
486,,,,0.0
487,460.0,487.0,-27.0,0.0
488,462.0,488.0,-26.0,0.0
489,,,,0.0
490,,,,0.0
491,464.0,491.0,-27.0,0.0
492,466.0,492.0,-26.0,0.0
493,,,,0.0
494,468.0,494.0,-26.0,0.0
495,,,,0.0
496,470.0,496.0,-26.0,0.0
497,,,,0.0
498,,,,0.0
499,472.0,499.0,-27.0,0.0
500,474.0,500.0,-26.0,0.0
501,,,,0.0
502,476.0,502.0,-26.0,0.0
503,,,,0.0
504,,,,0.0
505,478.0,505.0,-27.0,0.0
506,480.0,506.0,-26.0,0.0
507,,,,0.0
508,482.0,508.0,-26.0,0.0
509,,,,0.0
510,484.0,510.0,-26.0,0.0
511,494.0,511.0,-17.0,0.0
512,,,,8.9
513,496.0,513.0,-17.0,0.0
514,498.0,514.0,-16.0,0.0
515,,,,0.0
516,500.0,516.0,-16.0,0.0
517,,,,0.0
518,502.0,518.0,-16.0,0.0
519,,,,0.0
520,,,,0.0
521,504.0,521.0,-17.0,0.0
522,,,,0.0
523,506.0,523.0,-17.0,0.0
524,508.0,524.0,-16.0,0.0
525,,,,0.0
526,510.0,526.0,-16.0,0.0
527,,,,0.0
528,,,,0.0
529,512.0,529.0,-17.0,0.0
530,,,,0.0
531,514.0,531.0,-17.0,0.0
532,516.0,532.0,-16.0,0.0
533,,,,0.0
534,518.0,534.0,-16.0,0.0
535,,,,0.0
536,520.0,536.0,-16.0,0.0
537,,,,0.0
538,522.0,538.0,-16.0,0.0
539,,,,0.0
540,524.0,540.0,-16.0,0.0
541,,,,0.0
542,526.0,542.0,-16.0,0.0
543,,,,0.0
544,528.0,544.0,-16.0,0.0
545,,,,0.0
546,530.0,546.0,-16.0,0.0
547,,,,0.0
548,532.0,548.0,-16.0,0.0
549,,,,0.0
550,534.0,550.0,-16.0,0.0
551,,,,0.0
552,536.0,552.0,-16.0,0.0
553,,,,0.0
554,538.0,554.0,-16.0,0.0
555,,,,0.0
556,540.0,556.0,-16.0,0.0
557,,,,0.0
558,542.0,558.0,-16.0,0.0
559,,,,0.0
560,,,,0.0
561,544.0,561.0,-17.0,0.0
562,546.0,562.0,-16.0,0.0
563,,,,0.0
564,548.0,564.0,-16.0,0.0
565,550.0,565.0,-15.0,0.0
566,,,,0.0
567,,,,0.0
568,,,,0.0
569,552.0,569.0,-17.0,0.0
570,554.0,570.0,-16.0,0.0
571,,,,0.0
572,556.0,572.0,-16.0,0.0
573,558.0,573.0,-15.0,0.0
574,,,,0.0
575,,,,0.0
576,,,,0.0
577,562.0,577.0,-15.0,0.0
578,,,,0.0
579,,,,0.0
580,564.0,580.0,-16.0,0.0
581,566.0,581.0,-15.0,0.0
582,,,,0.0
583,,,,0.0
584,568.0,584.0,-16.0,0.0
585,,,,0.0
586,570.0,586.0,-16.0,0.0
587,,,,0.0
588,572.0,588.0,-16.0,0.0
589,574.0,589.0,-15.0,0.0
590,,,,0.0
591,,,,0.0
592,576.0,592.0,-16.0,0.0
593,,,,0.0
594,578.0,594.0,-16.0,0.0
595,,,,0.0
596,580.0,596.0,-16.0,0.0
597,582.0,597.0,-15.0,0.0
598,,,,0.0
599,,,,0.0
600,584.0,600.0,-16.0,0.0
601,,,,0.0
602,586.0,602.0,-16.0,0.0
603,,,,0.0
604,588.0,604.0,-16.0,0.0
605,,,,0.0
606,590.0,606.0,-16.0,0.0
607,,,,0.0
608,592.0,608.0,-16.0,0.0
609,,,,0.0
610,594.0,610.0,-16.0,0.0
611,596.0,611.0,-15.0,0.0
612,,,,0.0
613,598.0,613.0,-15.0,0.0
614,,,,0.0
615,,,,0.0
616,,,,0.0
617,600.0,617.0,-17.0,0.0
618,602.0,618.0,-16.0,0.0
619,604.0,619.0,-15.0,0.0
620,,,,0.0
621,606.0,621.0,-15.0,0.0
622,,,,0.0
623,,,,0.0
624,608.0,624.0,-16.0,0.0
625,,,,0.0
626,610.0,626.0,-16.0,0.0
627,,,,0.0
628,612.0,628.0,-16.0,0.0
629,614.0,629.0,-15.0,0.0
630,,,,0.0
631,,,,0.0
632,616.0,632.0,-16.0,0.0
633,,,,0.0
634,618.0,634.0,-16.0,0.0
635,620.0,635.0,-15.0,0.0
636,,,,0.0
637,,,,0.0
638,622.0,638.0,-16.0,0.0
639,,,,0.0
640,624.0,640.0,-16.0,0.0
641,,,,0.0
642,626.0,642.0,-16.0,0.0
643,,,,0.0
644,628.0,644.0,-16.0,0.0
645,,,,0.0
646,630.0,646.0,-16.0,0.0
647,,,,0.0
648,632.0,648.0,-16.0,0.0
649,,,,0.0
650,634.0,650.0,-16.0,0.0
651,,,,0.0
652,636.0,652.0,-16.0,0.0
653,,,,0.0
654,638.0,654.0,-16.0,0.0
655,,,,0.0
656,640.0,656.0,-16.0,0.0
657,,,,0.0
658,642.0,658.0,-16.0,0.0
659,644.0,659.0,-15.0,0.0
660,,,,0.0
661,,,,0.0
662,646.0,662.0,-16.0,0.0
663,,,,0.0
664,648.0,664.0,-16.0,0.0
665,,,,0.0
666,650.0,666.0,-16.0,0.0
667,,,,0.0
668,652.0,668.0,-16.0,0.0
669,,,,0.0
670,654.0,670.0,-16.0,0.0
671,,,,0.0
672,656.0,672.0,-16.0,0.0
673,,,,0.0
674,658.0,674.0,-16.0,0.0
675,,,,0.0
676,660.0,676.0,-16.0,0.0
677,,,,0.0
678,662.0,678.0,-16.0,0.0
679,,,,0.0
680,664.0,680.0,-16.0,0.0
681,,,,0.0
682,666.0,682.0,-16.0,0.0
683,,,,0.0
684,668.0,684.0,-16.0,0.0
685,,,,0.0
686,670.0,686.0,-16.0,0.0
687,,,,0.0
688,672.0,688.0,-16.0,0.0
689,,,,0.0
690,674.0,690.0,-16.0,0.0
691,,,,0.0
692,676.0,692.0,-16.0,0.0
693,,,,0.0
694,678.0,694.0,-16.0,0.0
695,,,,0.0
696,680.0,696.0,-16.0,0.0
697,,,,0.0
698,682.0,698.0,-16.0,0.0
699,684.0,699.0,-15.0,0.0
700,,,,0.0
701,,,,0.0
702,686.0,702.0,-16.0,0.0
703,688.0,703.0,-15.0,0.0
704,,,,0.0
705,,,,0.0
706,690.0,706.0,-16.0,0.0
707,,,,0.0
708,692.0,708.0,-16.0,0.0
709,694.0,709.0,-15.0,0.0
710,,,,0.0
711,,,,0.0
712,696.0,712.0,-16.0,0.0
713,,,,0.0
714,698.0,714.0,-16.0,0.0
715,,,,0.0
716,700.0,716.0,-16.0,0.0
717,,,,0.0
718,702.0,718.0,-16.0,0.0
719,,,,0.0
720,704.0,720.0,-16.0,0.0
721,,,,0.0
722,706.0,722.0,-16.0,0.0
723,,,,0.0
724,708.0,724.0,-16.0,0.0
725,710.0,725.0,-15.0,0.0
726,,,,0.0
727,,,,0.0
728,712.0,728.0,-16.0,0.0
729,,,,0.0
730,714.0,730.0,-16.0,0.0
731,,,,0.0
732,716.0,732.0,-16.0,0.0
733,718.0,733.0,-15.0,0.0
734,,,,0.0
735,,,,0.0
736,720.0,736.0,-16.0,0.0
737,,,,0.0
738,722.0,738.0,-16.0,0.0
739,724.0,739.0,-15.0,0.0
740,,,,0.0
741,726.0,741.0,-15.0,0.0
742,,,,0.0
743,,,,0.0
744,728.0,744.0,-16.0,0.0
745,,,,0.0
746,730.0,746.0,-16.0,0.0
747,,,,0.0
748,732.0,748.0,-16.0,0.0
749,734.0,749.0,-15.0,0.0
750,,,,0.0
751,,,,0.0
752,736.0,752.0,-16.0,0.0
753,738.0,753.0,-15.0,0.0
754,,,,0.0
755,740.0,755.0,-15.0,0.0
756,,,,0.0
757,742.0,757.0,-15.0,0.0
758,,,,0.0
759,,,,0.0
760,746.0,760.0,-14.0,0.0
761,,,,0.0
762,,,,0.0
763,,,,0.0
764,748.0,764.0,-16.0,0.0
765,,,,0.0
766,750.0,766.0,-16.0,0.0
767,752.0,767.0,-15.0,0.0
768,,,,0.0
769,754.0,769.0,-15.0,0.0
770,,,,0.0
771,756.0,771.0,-15.0,0.0
772,,,,0.0
773,758.0,773.0,-15.0,0.0
774,,,,0.0
775,760.0,775.0,-15.0,0.0
776,,,,0.0
777,762.0,777.0,-15.0,0.0
778,,,,0.0
779,764.0,779.0,-15.0,0.0
780,,,,0.0
781,766.0,781.0,-15.0,0.0
782,,,,0.0
783,768.0,783.0,-15.0,0.0
784,,,,0.0
785,770.0,785.0,-15.0,0.0
786,,,,0.0
787,772.0,787.0,-15.0,0.0
788,774.0,788.0,-14.0,0.0
789,,,,0.0
790,,,,0.0
791,776.0,791.0,-15.0,0.0
792,,,,0.0
793,778.0,793.0,-15.0,0.0
794,,,,0.0
795,780.0,795.0,-15.0,0.0
796,,,,0.0
797,782.0,797.0,-15.0,0.0
798,,,,0.0
799,784.0,799.0,-15.0,0.0
800,,,,0.0
801,786.0,801.0,-15.0,0.0
802,,,,0.0
803,788.0,803.0,-15.0,0.0
804,,,,0.0
805,790.0,805.0,-15.0,0.0
806,,,,0.0
807,792.0,807.0,-15.0,0.0
808,,,,0.0
809,,,,0.0
810,794.0,810.0,-16.0,0.0
811,796.0,811.0,-15.0,0.0
812,,,,0.0
813,798.0,813.0,-15.0,0.0
814,,,,0.0
815,800.0,815.0,-15.0,0.0
816,,,,0.0
817,802.0,817.0,-15.0,0.0
818,,,,0.0
819,804.0,819.0,-15.0,0.0
820,806.0,820.0,-14.0,0.0
821,,,,0.0
822,,,,0.0
823,808.0,823.0,-15.0,0.0
824,,,,0.0
825,810.0,825.0,-15.0,0.0
826,,,,0.0
827,812.0,827.0,-15.0,0.0
828,,,,0.0
829,814.0,829.0,-15.0,0.0
830,,,,0.0
831,816.0,831.0,-15.0,0.0
832,,,,0.0
833,818.0,833.0,-15.0,0.0
834,,,,0.0
835,820.0,835.0,-15.0,0.0
836,822.0,836.0,-14.0,0.0
837,,,,0.0
838,,,,0.0
839,824.0,839.0,-15.0,0.0
840,,,,0.0
841,826.0,841.0,-15.0,0.0
842,,,,0.0
843,828.0,843.0,-15.0,0.0
844,,,,0.0
845,830.0,845.0,-15.0,0.0
846,,,,0.0
847,832.0,847.0,-15.0,0.0
848,,,,0.0
849,834.0,849.0,-15.0,0.0
850,,,,0.0
851,836.0,851.0,-15.0,0.0
852,,,,0.0
853,838.0,853.0,-15.0,0.0
854,,,,0.0
855,840.0,855.0,-15.0,0.0
856,,,,0.0
857,842.0,857.0,-15.0,0.0
858,,,,0.0
859,844.0,859.0,-15.0,0.0
860,,,,0.0
861,846.0,861.0,-15.0,0.0
862,,,,0.0
863,,,,0.0
864,848.0,864.0,-16.0,0.0
865,850.0,865.0,-15.0,0.0
866,,,,0.0
867,852.0,867.0,-15.0,0.0
868,,,,0.0
869,854.0,869.0,-15.0,0.0
870,,,,0.0
871,856.0,871.0,-15.0,0.0
872,,,,0.0
873,858.0,873.0,-15.0,0.0
874,,,,0.0
875,860.0,875.0,-15.0,0.0
876,,,,0.0
877,862.0,877.0,-15.0,0.0
878,,,,0.0
879,864.0,879.0,-15.0,0.0
880,,,,0.0
881,866.0,881.0,-15.0,0.0
882,,,,0.0
883,868.0,883.0,-15.0,0.0
884,870.0,884.0,-14.0,0.0
885,,,,0.0
886,,,,0.0
887,872.0,887.0,-15.0,0.0
888,,,,0.0
889,874.0,889.0,-15.0,0.0
890,876.0,890.0,-14.0,0.0
891,,,,0.0
892,878.0,892.0,-14.0,0.0
893,,,,0.0
894,,,,0.0
895,,,,0.0
896,880.0,896.0,-16.0,0.0
897,882.0,897.0,-15.0,0.0
898,,,,0.0
899,884.0,899.0,-15.0,0.0
900,,,,0.0
901,886.0,901.0,-15.0,0.0
902,,,,0.0
903,888.0,903.0,-15.0,0.0
904,,,,0.0
905,890.0,905.0,-15.0,0.0
906,,,,0.0
907,892.0,907.0,-15.0,0.0
908,,,,0.0
909,894.0,909.0,-15.0,0.0
910,,,,0.0
911,896.0,911.0,-15.0,0.0
912,,,,0.0
913,898.0,913.0,-15.0,0.0
914,,,,0.0
915,900.0,915.0,-15.0,0.0
916,,,,0.0
917,902.0,917.0,-15.0,0.0
918,,,,0.0
919,904.0,919.0,-15.0,0.0
920,,,,0.0
921,906.0,921.0,-15.0,0.0
922,,,,0.0
923,908.0,923.0,-15.0,0.0
924,,,,0.0
925,910.0,925.0,-15.0,0.0
926,,,,0.0
927,912.0,927.0,-15.0,0.0
928,,,,0.0
929,914.0,929.0,-15.0,0.0
930,,,,0.0
931,916.0,931.0,-15.0,0.0
932,,,,0.0
933,918.0,933.0,-15.0,0.0
934,,,,0.0
935,920.0,935.0,-15.0,0.0
936,,,,0.0
937,922.0,937.0,-15.0,0.0
938,,,,0.0
939,924.0,939.0,-15.0,0.0
940,926.0,940.0,-14.0,0.0
941,,,,0.0
942,,,,0.0
943,928.0,943.0,-15.0,0.0
944,,,,0.0
945,930.0,945.0,-15.0,0.0
946,,,,0.0
947,932.0,947.0,-15.0,0.0
948,,,,0.0
949,,,,0.0
950,934.0,950.0,-16.0,0.0
951,936.0,951.0,-15.0,0.0
952,,,,0.0
953,938.0,953.0,-15.0,0.0
954,,,,0.0
955,940.0,955.0,-15.0,0.0
956,,,,0.0
957,942.0,957.0,-15.0,0.0
958,,,,0.0
959,944.0,959.0,-15.0,0.0
960,,,,0.0
961,946.0,961.0,-15.0,0.0
962,,,,0.0
963,948.0,963.0,-15.0,0.0
964,,,,0.0
965,950.0,965.0,-15.0,0.0
966,,,,0.0
967,952.0,967.0,-15.0,0.0
968,,,,0.0
969,954.0,969.0,-15.0,0.0
970,,,,0.0
971,956.0,971.0,-15.0,0.0
972,,,,0.0
973,958.0,973.0,-15.0,0.0
974,,,,0.0
975,960.0,975.0,-15.0,0.0
976,,,,0.0
977,962.0,977.0,-15.0,0.0
978,,,,0.0
979,964.0,979.0,-15.0,0.0
980,,,,0.0
981,966.0,981.0,-15.0,0.0
982,,,,0.0
983,968.0,983.0,-15.0,0.0
984,,,,0.0
985,970.0,985.0,-15.0,0.0
986,,,,0.0
987,972.0,987.0,-15.0,0.0
988,,,,0.0
989,974.0,989.0,-15.0,0.0
990,,,,0.0
991,976.0,991.0,-15.0,0.0
992,,,,0.0
993,978.0,993.0,-15.0,0.0
994,980.0,994.0,-14.0,0.0
995,,,,0.0
996,982.0,996.0,-14.0,0.0
997,,,,0.0
998,984.0,998.0,-14.0,0.0
999,,,,0.0
1000,,,,0.0
1001,,,,0.0
1002,986.0,1002.0,-16.0,0.0
1003,990.0,1003.0,-13.0,0.0
1004,,,,0.0
1005,,,,0.0
1006,,,,0.0
1007,,,,0.0
1008,994.0,1008.0,-14.0,0.0
1009,,,,0.0
1010,,,,0.0
1011,996.0,1011.0,-15.0,0.0
1012,,,,0.0
1013,998.0,1013.0,-15.0,0.0
1014,,,,0.0
1015,1000.0,1015.0,-15.0,0.0
1016,,,,0.0
1017,1002.0,1017.0,-15.0,0.0
1018,,,,0.0
1019,1004.0,1019.0,-15.0,0.0
1020,1006.0,1020.0,-14.0,0.0
1021,,,,0.0
1022,,,,0.0
1023,1008.0,1023.0,-15.0,0.0
1024,,,,0.0
1025,1010.0,1025.0,-15.0,0.0
1026,1012.0,1026.0,-14.0,0.0
1027,,,,0.0
1028,,,,0.0
1029,1014.0,1029.0,-15.0,0.0
1030,,,,0.0
1031,1016.0,1031.0,-15.0,0.0
1032,,,,0.0
1033,1018.0,1033.0,-15.0,0.0
1034,,,,0.0
1035,1020.0,1035.0,-15.0,0.0
1036,,,,0.0
1037,1022.0,1037.0,-15.0,0.0
1038,,,,0.0
1039,1024.0,1039.0,-15.0,0.0
1040,1026.0,1040.0,-14.0,0.0
1041,,,,0.0
1042,,,,0.0
1043,1028.0,1043.0,-15.0,0.0
1044,,,,0.0
1045,1030.0,1045.0,-15.0,0.0
1046,,,,0.0
1047,1032.0,1047.0,-15.0,0.0
1048,,,,0.0
1049,1034.0,1049.0,-15.0,0.0
1050,,,,0.0
1051,1036.0,1051.0,-15.0,0.0
1052,,,,0.0
1053,1038.0,1053.0,-15.0,0.0
1054,1040.0,1054.0,-14.0,0.0
1055,,,,0.0
1056,,,,0.0
1057,1042.0,1057.0,-15.0,0.0
1058,,,,0.0
1059,1044.0,1059.0,-15.0,0.0
1060,1046.0,1060.0,-14.0,0.0
1061,,,,0.0
1062,1048.0,1062.0,-14.0,0.0
1063,,,,0.0
1064,,,,0.0
1065,1050.0,1065.0,-15.0,0.0
1066,,,,0.0
1067,1052.0,1067.0,-15.0,0.0
1068,,,,0.0
1069,1054.0,1069.0,-15.0,0.0
1070,,,,0.0
1071,1056.0,1071.0,-15.0,0.0
1072,1058.0,1072.0,-14.0,0.0
1073,,,,0.0
1074,1060.0,1074.0,-14.0,0.0
1075,,,,0.0
1076,1062.0,1076.0,-14.0,0.0
1077,,,,0.0
1078,,,,0.0
1079,1064.0,1079.0,-15.0,0.0
1080,,,,0.0
1081,1066.0,1081.0,-15.0,0.0
1082,,,,0.0
1083,1068.0,1083.0,-15.0,0.0
1084,,,,0.0
1085,1070.0,1085.0,-15.0,0.0
1086,,,,0.0
1087,1072.0,1087.0,-15.0,0.0
1088,,,,0.0
1089,1074.0,1089.0,-15.0,0.0
1090,,,,0.0
1091,1076.0,1091.0,-15.0,0.0
1092,,,,0.0
1093,1078.0,1093.0,-15.0,0.0
1094,1080.0,1094.0,-14.0,0.0
1095,,,,0.0
1096,,,,0.0
1097,1082.0,1097.0,-15.0,0.0
1098,,,,0.0
1099,1084.0,1099.0,-15.0,0.0
1100,,,,0.0
1101,1086.0,1101.0,-15.0,0.0
1102,1088.0,1102.0,-14.0,0.0
1103,,,,0.0
1104,,,,0.0
1105,,,,0.0
1106,1092.0,1106.0,-14.0,0.0
1107,,,,0.0
1108,1094.0,1108.0,-14.0,0.0
1109,,,,0.0
1110,,,,0.0
1111,1096.0,1111.0,-15.0,0.0
1112,,,,0.0
1113,1098.0,1113.0,-15.0,0.0
1114,,,,0.0
1115,1100.0,1115.0,-15.0,0.0
1116,1102.0,1116.0,-14.0,0.0
1117,,,,0.0
1118,,,,0.0
1119,1104.0,1119.0,-15.0,0.0
1120,,,,0.0
1121,1106.0,1121.0,-15.0,0.0
1122,1108.0,1122.0,-14.0,0.0
1123,,,,0.0
1124,,,,0.0
1125,1110.0,1125.0,-15.0,0.0
1126,,,,0.0
1127,1112.0,1127.0,-15.0,0.0
1128,,,,0.0
1129,1114.0,1129.0,-15.0,0.0
1130,,,,0.0
1131,1116.0,1131.0,-15.0,0.0
1132,1118.0,1132.0,-14.0,0.0
1133,,,,0.0
1134,,,,0.0
1135,1120.0,1135.0,-15.0,0.0
1136,,,,0.0
1137,1122.0,1137.0,-15.0,0.0
1138,,,,0.0
1139,1124.0,1139.0,-15.0,0.0
1140,,,,0.0
1141,1126.0,1141.0,-15.0,0.0
1142,,,,0.0
1143,1128.0,1143.0,-15.0,0.0
1144,,,,0.0
1145,1130.0,1145.0,-15.0,0.0
1146,,,,0.0
1147,1132.0,1147.0,-15.0,0.0
1148,,,,0.0
1149,1134.0,1149.0,-15.0,0.0
1150,,,,0.0
1151,1136.0,1151.0,-15.0,0.0
1152,,,,0.0
1153,1138.0,1153.0,-15.0,0.0
1154,,,,0.0
1155,1140.0,1155.0,-15.0,0.0
1156,,,,0.0
1157,1142.0,1157.0,-15.0,0.0
1158,,,,0.0
1159,1144.0,1159.0,-15.0,0.0
1160,,,,0.0
1161,1146.0,1161.0,-15.0,0.0
1162,,,,0.0
1163,1148.0,1163.0,-15.0,0.0
1164,,,,0.0
1165,1150.0,1165.0,-15.0,0.0
1166,,,,0.0
1167,1152.0,1167.0,-15.0,0.0
1168,,,,0.0
1169,1154.0,1169.0,-15.0,0.0
1170,,,,0.0
1171,1156.0,1171.0,-15.0,0.0
1172,,,,0.0
1173,1158.0,1173.0,-15.0,0.0
1174,,,,0.0
1175,,,,0.0
1176,1160.0,1176.0,-16.0,0.0
1177,,,,0.0
1178,1162.0,1178.0,-16.0,0.0
1179,1164.0,1179.0,-15.0,0.0
1180,,,,0.0
1181,,,,0.0
1182,1166.0,1182.0,-16.0,0.0
1183,1168.0,1183.0,-15.0,0.0
1184,,,,0.0
1185,1170.0,1185.0,-15.0,0.0
1186,,,,0.0
1187,1172.0,1187.0,-15.0,0.0
1188,,,,0.0
1189,1174.0,1189.0,-15.0,0.0
1190,,,,0.0
1191,1176.0,1191.0,-15.0,0.0
1192,,,,0.0
1193,,,,0.0
1194,1178.0,1194.0,-16.0,0.0
1195,1180.0,1195.0,-15.0,0.0
1196,,,,0.0
1197,1182.0,1197.0,-15.0,0.0
1198,,,,0.0
1199,1184.0,1199.0,-15.0,0.0
1200,,,,0.0
1201,1186.0,1201.0,-15.0,0.0
1202,,,,0.0
1203,1188.0,1203.0,-15.0,0.0
1204,,,,0.0
1205,1190.0,1205.0,-15.0,0.0
1206,,,,0.0
1207,1192.0,1207.0,-15.0,0.0
1208,1194.0,1208.0,-14.0,0.0
1209,,,,0.0
1210,,,,0.0
1211,1196.0,1211.0,-15.0,0.0
1212,,,,0.0
1213,1198.0,1213.0,-15.0,0.0
1214,,,,0.0
1215,,,,0.0
1216,1200.0,1216.0,-16.0,0.0
1217,1202.0,1217.0,-15.0,0.0
1218,,,,0.0
1219,1204.0,1219.0,-15.0,0.0
1220,,,,0.0
1221,1206.0,1221.0,-15.0,0.0
1222,,,,0.0
1223,1208.0,1223.0,-15.0,0.0
1224,,,,0.0
1225,1210.0,1225.0,-15.0,0.0
1226,,,,0.0
1227,,,,0.0
1228,1212.0,1228.0,-16.0,0.0
1229,1214.0,1229.0,-15.0,0.0
1230,,,,0.0
1231,1216.0,1231.0,-15.0,0.0
1232,,,,0.0
1233,1218.0,1233.0,-15.0,0.0
1234,,,,0.0
1235,,,,0.0
1236,1220.0,1236.0,-16.0,0.0
1237,1222.0,1237.0,-15.0,0.0
1238,,,,0.0
1239,1224.0,1239.0,-15.0,0.0
1240,,,,0.0
1241,1226.0,1241.0,-15.0,0.0
1242,,,,0.0
1243,1228.0,1243.0,-15.0,0.0
1244,,,,0.0
1245,1230.0,1245.0,-15.0,0.0
1246,,,,0.0
1247,1232.0,1247.0,-15.0,0.0
1248,,,,0.0
1249,1234.0,1249.0,-15.0,0.0
1250,,,,0.0
1251,1236.0,1251.0,-15.0,0.0
1252,,,,0.0
1253,1238.0,1253.0,-15.0,0.0
1254,,,,0.0
1255,1240.0,1255.0,-15.0,0.0
1256,,,,0.0
1257,1242.0,1257.0,-15.0,0.0
1258,,,,0.0
1259,,,,0.0
1260,1244.0,1260.0,-16.0,0.0
1261,1246.0,1261.0,-15.0,0.0
1262,,,,0.0
1263,,,,0.0
1264,1248.0,1264.0,-16.0,0.0
1265,1250.0,1265.0,-15.0,0.0
1266,,,,0.0
1267,1252.0,1267.0,-15.0,0.0
1268,,,,0.0
1269,1254.0,1269.0,-15.0,0.0
1270,,,,0.0
1271,1256.0,1271.0,-15.0,0.0
1272,,,,0.0
1273,1258.0,1273.0,-15.0,0.0
1274,,,,0.0
1275,1260.0,1275.0,-15.0,0.0
1276,,,,0.0
1277,1262.0,1277.0,-15.0,0.0
1278,,,,0.0
1279,1264.0,1279.0,-15.0,0.0
1280,,,,0.0
1281,1266.0,1281.0,-15.0,0.0
1282,,,,0.0
1283,,,,0.0
1284,1270.0,1284.0,-14.0,0.0
1285,,,,0.0
1286,1272.0,1286.0,-14.0,0.0
1287,,,,0.0
1288,,,,0.0
1289,1274.0,1289.0,-15.0,0.0
1290,,,,0.0
1291,1276.0,1291.0,-15.0,0.0
1292,1278.0,1292.0,-14.0,0.0
1293,,,,0.0
1294,,,,0.0
1295,1280.0,1295.0,-15.0,0.0
1296,,,,0.0
1297,1282.0,1297.0,-15.0,0.0
1298,,,,0.0
1299,1284.0,1299.0,-15.0,0.0
1300,1286.0,1300.0,-14.0,0.0
1301,,,,0.0
1302,,,,0.0
1303,1288.0,1303.0,-15.0,0.0
1304,,,,0.0
1305,1290.0,1305.0,-15.0,0.0
1306,,,,0.0
1307,1292.0,1307.0,-15.0,0.0
1308,,,,0.0
1309,1294.0,1309.0,-15.0,0.0
1310,,,,0.0
1311,1296.0,1311.0,-15.0,0.0
1312,,,,0.0
1313,1298.0,1313.0,-15.0,0.0
1314,1300.0,1314.0,-14.0,0.0
1315,,,,0.0
1316,,,,0.0
1317,1302.0,1317.0,-15.0,0.0
1318,,,,0.0
1319,1304.0,1319.0,-15.0,0.0
1320,,,,0.0
1321,1306.0,1321.0,-15.0,0.0
1322,,,,0.0
1323,1308.0,1323.0,-15.0,0.0
1324,,,,0.0
1325,1310.0,1325.0,-15.0,0.0
1326,,,,0.0
1327,1312.0,1327.0,-15.0,0.0
1328,,,,0.0
1329,1314.0,1329.0,-15.0,0.0
1330,,,,0.0
1331,1316.0,1331.0,-15.0,0.0
1332,,,,0.0
1333,1318.0,1333.0,-15.0,0.0
1334,1320.0,1334.0,-14.0,0.0
1335,,,,0.0
1336,,,,0.0
1337,1322.0,1337.0,-15.0,0.0
1338,,,,0.0
1339,1324.0,1339.0,-15.0,0.0
1340,1326.0,1340.0,-14.0,0.0
1341,,,,0.0
1342,,,,0.0
1343,1328.0,1343.0,-15.0,0.0
1344,,,,0.0
1345,1330.0,1345.0,-15.0,0.0
1346,,,,0.0
1347,1332.0,1347.0,-15.0,0.0
1348,1334.0,1348.0,-14.0,0.0
1349,,,,0.0
1350,,,,0.0
1351,1336.0,1351.0,-15.0,0.0
1352,,,,0.0
1353,1338.0,1353.0,-15.0,0.0
1354,,,,0.0
1355,1340.0,1355.0,-15.0,0.0
1356,,,,0.0
1357,1342.0,1357.0,-15.0,0.0
1358,,,,0.0
1359,1344.0,1359.0,-15.0,0.0
1360,,,,0.0
1361,1346.0,1361.0,-15.0,0.0
1362,,,,0.0
1363,1348.0,1363.0,-15.0,0.0
1364,,,,0.0
1365,1350.0,1365.0,-15.0,0.0
1366,,,,0.0
1367,1352.0,1367.0,-15.0,0.0
1368,,,,0.0
1369,,,,0.0
1370,1356.0,1370.0,-14.0,0.0
1371,,,,0.0
1372,,,,0.0
1373,1358.0,1373.0,-15.0,0.0
1374,,,,0.0
1375,1360.0,1375.0,-15.0,0.0
1376,,,,0.0
1377,1362.0,1377.0,-15.0,0.0
1378,,,,0.0
1379,1364.0,1379.0,-15.0,0.0
1380,,,,0.0
1381,1366.0,1381.0,-15.0,0.0
1382,,,,0.0
1383,1368.0,1383.0,-15.0,0.0
1384,,,,0.0
1385,,,,0.0
1386,1370.0,1386.0,-16.0,0.0
1387,1372.0,1387.0,-15.0,0.0
1388,,,,0.0
1389,1374.0,1389.0,-15.0,0.0
1390,,,,0.0
1391,1376.0,1391.0,-15.0,0.0
1392,1378.0,1392.0,-14.0,0.0
1393,,,,0.0
1394,,,,0.0
1395,1380.0,1395.0,-15.0,0.0
1396,,,,0.0
1397,1382.0,1397.0,-15.0,0.0
1398,1384.0,1398.0,-14.0,0.0
1399,,,,0.0
1400,,,,0.0
1401,1386.0,1401.0,-15.0,0.0
1402,,,,0.0
1403,1388.0,1403.0,-15.0,0.0
1404,,,,0.0
1405,1390.0,1405.0,-15.0,0.0
1406,,,,0.0
1407,1392.0,1407.0,-15.0,0.0
1408,,,,0.0
1409,1394.0,1409.0,-15.0,0.0
1410,,,,0.0
1411,1396.0,1411.0,-15.0,0.0
1412,,,,0.0
1413,1398.0,1413.0,-15.0,0.0
1414,,,,0.0
1415,,,,0.0
1416,1400.0,1416.0,-16.0,0.0
1417,,,,0.0
1418,1402.0,1418.0,-16.0,0.0
1419,,,,0.0
1420,1404.0,1420.0,-16.0,0.0
1421,1406.0,1421.0,-15.0,0.0
1422,,,,0.0
1423,,,,0.0
1424,1408.0,1424.0,-16.0,0.0
1425,,,,0.0
1426,1410.0,1426.0,-16.0,0.0
1427,1412.0,1427.0,-15.0,0.0
1428,,,,0.0
1429,1414.0,1429.0,-15.0,0.0
1430,,,,0.0
1431,,,,0.0
1432,1416.0,1432.0,-16.0,0.0
1433,1418.0,1433.0,-15.0,0.0
1434,,,,0.0
1435,1420.0,1435.0,-15.0,0.0
1436,,,,0.0
1437,1422.0,1437.0,-15.0,0.0
1438,,,,0.0
1439,,,,0.0
1440,1424.0,1440.0,-16.0,0.0
1441,,,,0.0
1442,1426.0,1442.0,-16.0,0.0
1443,1428.0,1443.0,-15.0,0.0
1444,,,,0.0
1445,1430.0,1445.0,-15.0,0.0
1446,,,,0.0
1447,,,,0.0
1448,,,,0.0
1449,1434.0,1449.0,-15.0,0.0
1450,,,,0.0
1451,1436.0,1451.0,-15.0,0.0
1452,,,,0.0
1453,1438.0,1453.0,-15.0,0.0
1454,,,,0.0
1455,1440.0,1455.0,-15.0,0.0
1456,,,,0.0
1457,,,,0.0
1458,1444.0,1458.0,-14.0,0.0
1459,,,,0.0
1460,,,,0.0
1461,1446.0,1461.0,-15.0,0.0
1462,,,,0.0
1463,1448.0,1463.0,-15.0,0.0
1464,,,,0.0
1465,1450.0,1465.0,-15.0,0.0
1466,,,,0.0
1467,1452.0,1467.0,-15.0,0.0
1468,,,,0.0
1469,1454.0,1469.0,-15.0,0.0
1470,,,,0.0
1471,,,,0.0
1472,1456.0,1472.0,-16.0,0.0
1473,,,,0.0
1474,1458.0,1474.0,-16.0,0.0
1475,,,,0.0
1476,1460.0,1476.0,-16.0,0.0
1477,1462.0,1477.0,-15.0,0.0
1478,,,,0.0
1479,,,,0.0
1480,1464.0,1480.0,-16.0,0.0
1481,,,,0.0
1482,1466.0,1482.0,-16.0,0.0
1483,,,,0.0
1484,1468.0,1484.0,-16.0,0.0
1485,1470.0,1485.0,-15.0,0.0
1486,,,,0.0
1487,,,,0.0
1488,1472.0,1488.0,-16.0,0.0
1489,,,,0.0
1490,1474.0,1490.0,-16.0,0.0
1491,,,,0.0
1492,1476.0,1492.0,-16.0,0.0
1493,1478.0,1493.0,-15.0,0.0
1494,,,,0.0
1495,,,,0.0
1496,1480.0,1496.0,-16.0,0.0
1497,,,,0.0
1498,1482.0,1498.0,-16.0,0.0
1499,1484.0,1499.0,-15.0,0.0
1500,,,,0.0
1501,,,,0.0
1502,1486.0,1502.0,-16.0,0.0
1503,,,,0.0
1504,1488.0,1504.0,-16.0,0.0
1505,,,,0.0
1506,1490.0,1506.0,-16.0,0.0
1507,,,,0.0
1508,1492.0,1508.0,-16.0,0.0
1509,1494.0,1509.0,-15.0,0.0
1510,,,,0.0
1511,1496.0,1511.0,-15.0,0.0
1512,,,,0.0
1513,,,,0.0
1514,1498.0,1514.0,-16.0,0.0
1515,,,,0.0
1516,1500.0,1516.0,-16.0,0.0
1517,1502.0,1517.0,-15.0,0.0
1518,,,,0.0
1519,1504.0,1519.0,-15.0,0.0
1520,,,,0.0
1521,1506.0,1521.0,-15.0,0.0
1522,,,,0.0
1523,,,,0.0
1524,1508.0,1524.0,-16.0,0.0
1525,,,,0.0
1526,1510.0,1526.0,-16.0,0.0
1527,1512.0,1527.0,-15.0,0.0
1528,,,,0.0
1529,,,,0.0
1530,1514.0,1530.0,-16.0,0.0
1531,,,,0.0
1532,1516.0,1532.0,-16.0,0.0
1533,1518.0,1533.0,-15.0,0.0
1534,1520.0,1534.0,-14.0,0.0
1535,1526.0,1535.0,-9.0,0.0
1536,1528.0,1536.0,-8.0,8.9
1537,1530.0,1537.0,-7.0,0.0
1538,1532.0,1538.0,-6.0,0.0
1539,,,,0.0
1540,1534.0,1540.0,-6.0,0.0
1541,,,,0.0
1542,,,,0.0
1543,1536.0,1543.0,-7.0,0.0
1544,,,,0.0
1545,1538.0,1545.0,-7.0,0.0
1546,,,,0.0
1547,1540.0,1547.0,-7.0,0.0
1548,1542.0,1548.0,-6.0,0.0
1549,,,,0.0
1550,,,,0.0
1551,1544.0,1551.0,-7.0,0.0
1552,,,,0.0
1553,1546.0,1553.0,-7.0,0.0
1554,,,,0.0
1555,1548.0,1555.0,-7.0,0.0
1556,1550.0,1556.0,-6.0,0.0
1557,,,,0.0
1558,,,,0.0
1559,1552.0,1559.0,-7.0,0.0
1560,1554.0,1560.0,-6.0,0.0
1561,,,,0.0
1562,,,,0.0
1563,1556.0,1563.0,-7.0,0.0
1564,1558.0,1564.0,-6.0,0.0
1565,,,,0.0
1566,,,,0.0
1567,1560.0,1567.0,-7.0,0.0
1568,1562.0,1568.0,-6.0,0.0
1569,,,,0.0
1570,,,,0.0
1571,1564.0,1571.0,-7.0,0.0
1572,1566.0,1572.0,-6.0,0.0
1573,,,,0.0
1574,,,,0.0
1575,,,,0.0
1576,1570.0,1576.0,-6.0,0.0
1577,,,,0.0
1578,,,,0.0
1579,1572.0,1579.0,-7.0,0.0
1580,,,,0.0
1581,1574.0,1581.0,-7.0,0.0
1582,1576.0,1582.0,-6.0,0.0
1583,,,,0.0
1584,1578.0,1584.0,-6.0,0.0
1585,,,,0.0
1586,,,,0.0
1587,1580.0,1587.0,-7.0,0.0
1588,,,,0.0
1589,1582.0,1589.0,-7.0,0.0
1590,,,,0.0
1591,1584.0,1591.0,-7.0,0.0
1592,,,,0.0
1593,1586.0,1593.0,-7.0,0.0
1594,1588.0,1594.0,-6.0,0.0
1595,,,,0.0
1596,1590.0,1596.0,-6.0,0.0
1597,,,,0.0
1598,,,,0.0
1599,1592.0,1599.0,-7.0,0.0
1600,,,,0.0
1601,1594.0,1601.0,-7.0,0.0
1602,1596.0,1602.0,-6.0,0.0
1603,,,,0.0
1604,,,,0.0
1605,1598.0,1605.0,-7.0,0.0
1606,,,,0.0
1607,1600.0,1607.0,-7.0,0.0
1608,1602.0,1608.0,-6.0,0.0
1609,,,,0.0
1610,,,,0.0
1611,1604.0,1611.0,-7.0,0.0
1612,,,,0.0
1613,1606.0,1613.0,-7.0,0.0
1614,1608.0,1614.0,-6.0,0.0
1615,,,,0.0
1616,1610.0,1616.0,-6.0,0.0
1617,,,,0.0
1618,,,,0.0
1619,1612.0,1619.0,-7.0,0.0
1620,,,,0.0
1621,1614.0,1621.0,-7.0,0.0
1622,,,,0.0
1623,1616.0,1623.0,-7.0,0.0
1624,,,,0.0
1625,1618.0,1625.0,-7.0,0.0
1626,,,,0.0
1627,1620.0,1627.0,-7.0,0.0
1628,,,,0.0
1629,1622.0,1629.0,-7.0,0.0
1630,,,,0.0
1631,1624.0,1631.0,-7.0,0.0
1632,,,,0.0
1633,1626.0,1633.0,-7.0,0.0
1634,,,,0.0
1635,1628.0,1635.0,-7.0,0.0
1636,,,,0.0
1637,1630.0,1637.0,-7.0,0.0
1638,1632.0,1638.0,-6.0,0.0
1639,,,,0.0
1640,,,,0.0
1641,1634.0,1641.0,-7.0,0.0
1642,,,,0.0
1643,1636.0,1643.0,-7.0,0.0
1644,,,,0.0
1645,1638.0,1645.0,-7.0,0.0
1646,,,,0.0
1647,1640.0,1647.0,-7.0,0.0
1648,,,,0.0
1649,1642.0,1649.0,-7.0,0.0
1650,1644.0,1650.0,-6.0,0.0
1651,,,,0.0
1652,,,,0.0
1653,1646.0,1653.0,-7.0,0.0
1654,1648.0,1654.0,-6.0,0.0
1655,,,,0.0
1656,,,,0.0
1657,1650.0,1657.0,-7.0,0.0
1658,,,,0.0
1659,1652.0,1659.0,-7.0,0.0
1660,1654.0,1660.0,-6.0,0.0
1661,,,,0.0
1662,,,,0.0
1663,,,,0.0
1664,1656.0,1664.0,-8.0,0.0
1665,1658.0,1665.0,-7.0,0.0
1666,,,,0.0
1667,1660.0,1667.0,-7.0,0.0
1668,,,,0.0
1669,,,,0.0
1670,1662.0,1670.0,-8.0,0.0
1671,,,,0.0
1672,1664.0,1672.0,-8.0,0.0
1673,1666.0,1673.0,-7.0,0.0
1674,,,,0.0
1675,1668.0,1675.0,-7.0,0.0
1676,,,,0.0
1677,1670.0,1677.0,-7.0,0.0
1678,,,,0.0
1679,,,,0.0
1680,1672.0,1680.0,-8.0,0.0
1681,,,,0.0
1682,1674.0,1682.0,-8.0,0.0
1683,1676.0,1683.0,-7.0,0.0
1684,,,,0.0
1685,,,,0.0
1686,1678.0,1686.0,-8.0,0.0
1687,,,,0.0
1688,1680.0,1688.0,-8.0,0.0
1689,,,,0.0
1690,1682.0,1690.0,-8.0,0.0
1691,,,,0.0
1692,1684.0,1692.0,-8.0,0.0
1693,,,,0.0
1694,1686.0,1694.0,-8.0,0.0
1695,,,,0.0
1696,1688.0,1696.0,-8.0,0.0
1697,1690.0,1697.0,-7.0,0.0
1698,,,,0.0
1699,,,,0.0
1700,1692.0,1700.0,-8.0,0.0
1701,1694.0,1701.0,-7.0,0.0
1702,,,,0.0
1703,,,,0.0
1704,1696.0,1704.0,-8.0,0.0
1705,,,,0.0
1706,1698.0,1706.0,-8.0,0.0
1707,1700.0,1707.0,-7.0,0.0
1708,,,,0.0
1709,1702.0,1709.0,-7.0,0.0
1710,,,,0.0
1711,1704.0,1711.0,-7.0,0.0
1712,,,,0.0
1713,,,,0.0
1714,1706.0,1714.0,-8.0,0.0
1715,1708.0,1715.0,-7.0,0.0
1716,,,,0.0
1717,1710.0,1717.0,-7.0,0.0
1718,,,,0.0
1719,,,,0.0
1720,1712.0,1720.0,-8.0,0.0
1721,,,,0.0
1722,1714.0,1722.0,-8.0,0.0
1723,,,,0.0
1724,1716.0,1724.0,-8.0,0.0
1725,,,,0.0
1726,1718.0,1726.0,-8.0,0.0
1727,,,,0.0
1728,1720.0,1728.0,-8.0,0.0
1729,,,,0.0
1730,1722.0,1730.0,-8.0,0.0
1731,,,,0.0
1732,1724.0,1732.0,-8.0,0.0
1733,,,,0.0
1734,1726.0,1734.0,-8.0,0.0
1735,,,,0.0
1736,1728.0,1736.0,-8.0,0.0
1737,,,,0.0
1738,1730.0,1738.0,-8.0,0.0
1739,,,,0.0
1740,1732.0,1740.0,-8.0,0.0
1741,,,,0.0
1742,1734.0,1742.0,-8.0,0.0
1743,1736.0,1743.0,-7.0,0.0
1744,,,,0.0
1745,,,,0.0
1746,1738.0,1746.0,-8.0,0.0
1747,1740.0,1747.0,-7.0,0.0
1748,,,,0.0
1749,1742.0,1749.0,-7.0,0.0
1750,,,,0.0
1751,,,,0.0
1752,,,,0.0
1753,1744.0,1753.0,-9.0,0.0
1754,1746.0,1754.0,-8.0,0.0
1755,,,,0.0
1756,1748.0,1756.0,-8.0,0.0
1757,1750.0,1757.0,-7.0,0.0
1758,,,,0.0
1759,,,,0.0
1760,1752.0,1760.0,-8.0,0.0
1761,,,,0.0
1762,1754.0,1762.0,-8.0,0.0
1763,,,,0.0
1764,1756.0,1764.0,-8.0,0.0
1765,,,,0.0
1766,1758.0,1766.0,-8.0,0.0
1767,1760.0,1767.0,-7.0,0.0
1768,,,,0.0
1769,,,,0.0
1770,1762.0,1770.0,-8.0,0.0
1771,,,,0.0
1772,1764.0,1772.0,-8.0,0.0
1773,,,,0.0
1774,1766.0,1774.0,-8.0,0.0
1775,1768.0,1775.0,-7.0,0.0
1776,,,,0.0
1777,,,,0.0
1778,1770.0,1778.0,-8.0,0.0
1779,1772.0,1779.0,-7.0,0.0
1780,,,,0.0
1781,1774.0,1781.0,-7.0,0.0
1782,,,,0.0
1783,,,,0.0
1784,1776.0,1784.0,-8.0,0.0
1785,,,,0.0
1786,1778.0,1786.0,-8.0,0.0
1787,1780.0,1787.0,-7.0,0.0
1788,,,,0.0
1789,,,,0.0
1790,1782.0,1790.0,-8.0,0.0
1791,,,,0.0
1792,1784.0,1792.0,-8.0,0.0
1793,1786.0,1793.0,-7.0,0.0
1794,,,,0.0
1795,,,,0.0
1796,1790.0,1796.0,-6.0,0.0
1797,,,,0.0
1798,,,,0.0
1799,1792.0,1799.0,-7.0,0.0
1800,,,,0.0
1801,,,,0.0
1802,1794.0,1802.0,-8.0,0.0
1803,,,,0.0
1804,1796.0,1804.0,-8.0,0.0
1805,1798.0,1805.0,-7.0,0.0
1806,,,,0.0
1807,,,,0.0
1808,1800.0,1808.0,-8.0,0.0
1809,1802.0,1809.0,-7.0,0.0
1810,,,,0.0
1811,,,,0.0
1812,1804.0,1812.0,-8.0,0.0
1813,1806.0,1813.0,-7.0,0.0
1814,,,,0.0
1815,,,,0.0
1816,1808.0,1816.0,-8.0,0.0
1817,1810.0,1817.0,-7.0,0.0
1818,,,,0.0
1819,1812.0,1819.0,-7.0,0.0
1820,,,,0.0
1821,1814.0,1821.0,-7.0,0.0
1822,,,,0.0
1823,1816.0,1823.0,-7.0,0.0
1824,,,,0.0
1825,1818.0,1825.0,-7.0,0.0
1826,,,,0.0
1827,1820.0,1827.0,-7.0,0.0
1828,,,,0.0
1829,1822.0,1829.0,-7.0,0.0
1830,,,,0.0
1831,,,,0.0
1832,1824.0,1832.0,-8.0,0.0
1833,,,,0.0
1834,1826.0,1834.0,-8.0,0.0
1835,1828.0,1835.0,-7.0,0.0
1836,,,,0.0
1837,1830.0,1837.0,-7.0,0.0
1838,,,,0.0
1839,1832.0,1839.0,-7.0,0.0
1840,,,,0.0
1841,,,,0.0
1842,1834.0,1842.0,-8.0,0.0
1843,1836.0,1843.0,-7.0,0.0
1844,,,,0.0
1845,1838.0,1845.0,-7.0,0.0
1846,,,,0.0
1847,,,,0.0
1848,1840.0,1848.0,-8.0,0.0
1849,1842.0,1849.0,-7.0,0.0
1850,,,,0.0
1851,1844.0,1851.0,-7.0,0.0
1852,,,,0.0
1853,,,,0.0
1854,1846.0,1854.0,-8.0,0.0
1855,,,,0.0
1856,1848.0,1856.0,-8.0,0.0
1857,,,,0.0
1858,1850.0,1858.0,-8.0,0.0
1859,,,,0.0
1860,1852.0,1860.0,-8.0,0.0
1861,,,,0.0
1862,1854.0,1862.0,-8.0,0.0
1863,,,,0.0
1864,1856.0,1864.0,-8.0,0.0
1865,,,,0.0
1866,1858.0,1866.0,-8.0,0.0
1867,,,,0.0
1868,1860.0,1868.0,-8.0,0.0
1869,1862.0,1869.0,-7.0,0.0
1870,,,,0.0
1871,,,,0.0
1872,1864.0,1872.0,-8.0,0.0
1873,,,,0.0
1874,1866.0,1874.0,-8.0,0.0
1875,,,,0.0
1876,,,,0.0
1877,1870.0,1877.0,-7.0,0.0
1878,,,,0.0
1879,,,,0.0
1880,1872.0,1880.0,-8.0,0.0
1881,,,,0.0
1882,1874.0,1882.0,-8.0,0.0
1883,,,,0.0
1884,1876.0,1884.0,-8.0,0.0
1885,1878.0,1885.0,-7.0,0.0
1886,,,,0.0
1887,,,,0.0
1888,1880.0,1888.0,-8.0,0.0
1889,,,,0.0
1890,1882.0,1890.0,-8.0,0.0
1891,,,,0.0
1892,1884.0,1892.0,-8.0,0.0
1893,1886.0,1893.0,-7.0,0.0
1894,,,,0.0
1895,,,,0.0
1896,1888.0,1896.0,-8.0,0.0
1897,1890.0,1897.0,-7.0,0.0
1898,,,,0.0
1899,1892.0,1899.0,-7.0,0.0
1900,,,,0.0
1901,,,,0.0
1902,1894.0,1902.0,-8.0,0.0
1903,,,,0.0
1904,1896.0,1904.0,-8.0,0.0
1905,,,,0.0
1906,1898.0,1906.0,-8.0,0.0
1907,,,,0.0
1908,1900.0,1908.0,-8.0,0.0
1909,1902.0,1909.0,-7.0,0.0
1910,,,,0.0
1911,,,,0.0
1912,1904.0,1912.0,-8.0,0.0
1913,,,,0.0
1914,1906.0,1914.0,-8.0,0.0
1915,,,,0.0
1916,1908.0,1916.0,-8.0,0.0
1917,1910.0,1917.0,-7.0,0.0
1918,,,,0.0
1919,,,,0.0
1920,,,,0.0
1921,1912.0,1921.0,-9.0,0.0
1922,,,,0.0
1923,1914.0,1923.0,-9.0,0.0
1924,1916.0,1924.0,-8.0,0.0
1925,,,,0.0
1926,,,,0.0
1927,1918.0,1927.0,-9.0,0.0
1928,,,,0.0
1929,1920.0,1929.0,-9.0,0.0
1930,1922.0,1930.0,-8.0,0.0
1931,,,,0.0
1932,1924.0,1932.0,-8.0,0.0
1933,,,,0.0
1934,1926.0,1934.0,-8.0,0.0
1935,,,,0.0
1936,1928.0,1936.0,-8.0,0.0
1937,,,,0.0
1938,1930.0,1938.0,-8.0,0.0
1939,,,,0.0
1940,1932.0,1940.0,-8.0,0.0
1941,,,,0.0
1942,1934.0,1942.0,-8.0,0.0
1943,,,,0.0
1944,1936.0,1944.0,-8.0,0.0
1945,,,,0.0
1946,,,,0.0
1947,1938.0,1947.0,-9.0,0.0
1948,,,,0.0
1949,1940.0,1949.0,-9.0,0.0
1950,1942.0,1950.0,-8.0,0.0
1951,,,,0.0
1952,,,,0.0
1953,1944.0,1953.0,-9.0,0.0
1954,1946.0,1954.0,-8.0,0.0
1955,,,,0.0
1956,1948.0,1956.0,-8.0,0.0
1957,,,,0.0
1958,1950.0,1958.0,-8.0,0.0
1959,,,,0.0
1960,,,,0.0
1961,1952.0,1961.0,-9.0,0.0
1962,1954.0,1962.0,-8.0,0.0
1963,,,,0.0
1964,1956.0,1964.0,-8.0,0.0
1965,,,,0.0
1966,1958.0,1966.0,-8.0,0.0
1967,,,,0.0
1968,,,,0.0
1969,1960.0,1969.0,-9.0,0.0
1970,1962.0,1970.0,-8.0,0.0
1971,,,,0.0
1972,1964.0,1972.0,-8.0,0.0
1973,,,,0.0
1974,1966.0,1974.0,-8.0,0.0
1975,,,,0.0
1976,,,,0.0
1977,1968.0,1977.0,-9.0,0.0
1978,,,,0.0
1979,1970.0,1979.0,-9.0,0.0
1980,1972.0,1980.0,-8.0,0.0
1981,,,,0.0
1982,1974.0,1982.0,-8.0,0.0
1983,,,,0.0
1984,,,,0.0
1985,1976.0,1985.0,-9.0,0.0
1986,,,,0.0
1987,1978.0,1987.0,-9.0,0.0
1988,1980.0,1988.0,-8.0,0.0
1989,,,,0.0
1990,,,,0.0
1991,1982.0,1991.0,-9.0,0.0
1992,,,,0.0
1993,1984.0,1993.0,-9.0,0.0
1994,,,,0.0
1995,1986.0,1995.0,-9.0,0.0
1996,1988.0,1996.0,-8.0,0.0
1997,,,,0.0
1998,,,,0.0
1999,1990.0,1999.0,-9.0,0.0
2000,1992.0,2000.0,-8.0,0.0
2001,,,,0.0
2002,,,,0.0
2003,1994.0,2003.0,-9.0,0.0
2004,1996.0,2004.0,-8.0,0.0
2005,,,,0.0
2006,,,,0.0
2007,1998.0,2007.0,-9.0,0.0
2008,,,,0.0
2009,2000.0,2009.0,-9.0,0.0
2010,,,,0.0
2011,2002.0,2011.0,-9.0,0.0
2012,2004.0,2012.0,-8.0,0.0
2013,,,,0.0
2014,,,,0.0
2015,2006.0,2015.0,-9.0,0.0
2016,,,,0.0
2017,2008.0,2017.0,-9.0,0.0
2018,,,,0.0
2019,2010.0,2019.0,-9.0,0.0
2020,,,,0.0
2021,2012.0,2021.0,-9.0,0.0
2022,,,,0.0
2023,2014.0,2023.0,-9.0,0.0
2024,,,,0.0
2025,2016.0,2025.0,-9.0,0.0
2026,,,,0.0
2027,2018.0,2027.0,-9.0,0.0
2028,2020.0,2028.0,-8.0,0.0
2029,,,,0.0
2030,2022.0,2030.0,-8.0,0.0
2031,,,,0.0
2032,,,,0.0
2033,2024.0,2033.0,-9.0,0.0
2034,,,,0.0
2035,2026.0,2035.0,-9.0,0.0
2036,2028.0,2036.0,-8.0,0.0
2037,,,,0.0
2038,,,,0.0
2039,2030.0,2039.0,-9.0,0.0
2040,,,,0.0
2041,2032.0,2041.0,-9.0,0.0
2042,,,,0.0
2043,2034.0,2043.0,-9.0,0.0
2044,,,,0.0
2045,,,,0.0
2046,2036.0,2046.0,-10.0,0.0
2047,,,,0.0
2048,,,,0.0
2049,2038.0,2049.0,-11.0,0.0
2050,,,,0.0
2051,2040.0,2051.0,-11.0,0.0
2052,2042.0,2052.0,-10.0,0.0
2053,,,,0.0
2054,,,,0.0
2055,2044.0,2055.0,-11.0,0.0
2056,,,,0.0
2057,2046.0,2057.0,-11.0,0.0
2058,2048.0,2058.0,-10.0,0.0
2059,,,,0.0
2060,2050.0,2060.0,-10.0,0.0
2061,,,,0.0
2062,,,,0.0
2063,2052.0,2063.0,-11.0,0.0
2064,,,,0.0
2065,2054.0,2065.0,-11.0,0.0
2066,,,,0.0
2067,2056.0,2067.0,-11.0,0.0
2068,,,,0.0
2069,2058.0,2069.0,-11.0,0.0
2070,,,,0.0
2071,2060.0,2071.0,-11.0,0.0
2072,,,,0.0
2073,2062.0,2073.0,-11.0,0.0
2074,,,,0.0
2075,2064.0,2075.0,-11.0,0.0
2076,,,,0.0
2077,2066.0,2077.0,-11.0,0.0
2078,,,,0.0
2079,2068.0,2079.0,-11.0,0.0
2080,,,,0.0
2081,2070.0,2081.0,-11.0,0.0
2082,,,,0.0
2083,2072.0,2083.0,-11.0,0.0
2084,,,,0.0
2085,2074.0,2085.0,-11.0,0.0
2086,,,,0.0
2087,2076.0,2087.0,-11.0,0.0
2088,,,,0.0
2089,2078.0,2089.0,-11.0,0.0
2090,,,,0.0
2091,2080.0,2091.0,-11.0,0.0
2092,,,,0.0
2093,2082.0,2093.0,-11.0,0.0
2094,,,,0.0
2095,2084.0,2095.0,-11.0,0.0
2096,,,,0.0
2097,2086.0,2097.0,-11.0,0.0
2098,,,,0.0
2099,2088.0,2099.0,-11.0,0.0
2100,,,,0.0
2101,2090.0,2101.0,-11.0,0.0
2102,,,,0.0
2103,2092.0,2103.0,-11.0,0.0
2104,,,,0.0
2105,2094.0,2105.0,-11.0,0.0
2106,,,,0.0
2107,,,,0.0
2108,2096.0,2108.0,-12.0,0.0
2109,2098.0,2109.0,-11.0,0.0
2110,,,,0.0
2111,2100.0,2111.0,-11.0,0.0
2112,,,,0.0
2113,2102.0,2113.0,-11.0,0.0
2114,,,,0.0
2115,2104.0,2115.0,-11.0,0.0
2116,,,,0.0
2117,2106.0,2117.0,-11.0,0.0
2118,,,,0.0
2119,2108.0,2119.0,-11.0,0.0
2120,,,,0.0
2121,,,,0.0
2122,2110.0,2122.0,-12.0,0.0
2123,2112.0,2123.0,-11.0,0.0
2124,,,,0.0
2125,2114.0,2125.0,-11.0,0.0
2126,,,,0.0
2127,2116.0,2127.0,-11.0,0.0
2128,,,,0.0
2129,2118.0,2129.0,-11.0,0.0
2130,,,,0.0
2131,2120.0,2131.0,-11.0,0.0
2132,,,,0.0
2133,2122.0,2133.0,-11.0,0.0
2134,,,,0.0
2135,,,,0.0
2136,2124.0,2136.0,-12.0,0.0
2137,2126.0,2137.0,-11.0,0.0
2138,,,,0.0
2139,2128.0,2139.0,-11.0,0.0
2140,,,,0.0
2141,2130.0,2141.0,-11.0,0.0
2142,,,,0.0
2143,2132.0,2143.0,-11.0,0.0
2144,,,,0.0
2145,2134.0,2145.0,-11.0,0.0
2146,,,,0.0
2147,2136.0,2147.0,-11.0,0.0
2148,,,,0.0
2149,2138.0,2149.0,-11.0,0.0
2150,,,,0.0
2151,,,,0.0
2152,2140.0,2152.0,-12.0,0.0
2153,,,,0.0
2154,2142.0,2154.0,-12.0,0.0
2155,2144.0,2155.0,-11.0,0.0
2156,,,,0.0
2157,2146.0,2157.0,-11.0,0.0
2158,,,,0.0
2159,2148.0,2159.0,-11.0,0.0
2160,,,,0.0
2161,2150.0,2161.0,-11.0,0.0
2162,,,,0.0
2163,2152.0,2163.0,-11.0,0.0
2164,,,,0.0
2165,2154.0,2165.0,-11.0,0.0
2166,,,,0.0
2167,2156.0,2167.0,-11.0,0.0
2168,,,,0.0
2169,2158.0,2169.0,-11.0,0.0
2170,,,,0.0
2171,2160.0,2171.0,-11.0,0.0
2172,,,,0.0
2173,,,,0.0
2174,2162.0,2174.0,-12.0,0.0
2175,,,,0.0
2176,2164.0,2176.0,-12.0,0.0
2177,,,,0.0
2178,2166.0,2178.0,-12.0,0.0
2179,,,,0.0
2180,2168.0,2180.0,-12.0,0.0
2181,,,,0.0
2182,2170.0,2182.0,-12.0,0.0
2183,,,,0.0
2184,2172.0,2184.0,-12.0,0.0
2185,,,,0.0
2186,2174.0,2186.0,-12.0,0.0
2187,,,,0.0
2188,2176.0,2188.0,-12.0,0.0
2189,,,,0.0
2190,2178.0,2190.0,-12.0,0.0
2191,,,,0.0
2192,2180.0,2192.0,-12.0,0.0
2193,,,,0.0
2194,2182.0,2194.0,-12.0,0.0
2195,,,,0.0
2196,2184.0,2196.0,-12.0,0.0
2197,2186.0,2197.0,-11.0,0.0
2198,,,,0.0
2199,,,,0.0
2200,2188.0,2200.0,-12.0,0.0
2201,,,,0.0
2202,2190.0,2202.0,-12.0,0.0
2203,,,,0.0
2204,2192.0,2204.0,-12.0,0.0
2205,,,,0.0
2206,2194.0,2206.0,-12.0,0.0
2207,,,,0.0
2208,2196.0,2208.0,-12.0,0.0
2209,,,,0.0
2210,2198.0,2210.0,-12.0,0.0
2211,,,,0.0
2212,2200.0,2212.0,-12.0,0.0
2213,,,,0.0
2214,2202.0,2214.0,-12.0,0.0
2215,,,,0.0
2216,2204.0,2216.0,-12.0,0.0
2217,,,,0.0
2218,2206.0,2218.0,-12.0,0.0
2219,,,,0.0
2220,2208.0,2220.0,-12.0,0.0
2221,,,,0.0
2222,2210.0,2222.0,-12.0,0.0
2223,,,,0.0
2224,,,,0.0
2225,2212.0,2225.0,-13.0,0.0
2226,2214.0,2226.0,-12.0,0.0
2227,2216.0,2227.0,-11.0,0.0
2228,,,,0.0
2229,,,,0.0
2230,2218.0,2230.0,-12.0,0.0
2231,,,,0.0
2232,2220.0,2232.0,-12.0,0.0
2233,,,,0.0
2234,2222.0,2234.0,-12.0,0.0
2235,,,,0.0
2236,2224.0,2236.0,-12.0,0.0
2237,,,,0.0
2238,2226.0,2238.0,-12.0,0.0
2239,,,,0.0
2240,,,,0.0
2241,2228.0,2241.0,-13.0,0.0
2242,2230.0,2242.0,-12.0,0.0
2243,,,,0.0
2244,2232.0,2244.0,-12.0,0.0
2245,,,,0.0
2246,2234.0,2246.0,-12.0,0.0
2247,,,,0.0
2248,2236.0,2248.0,-12.0,0.0
2249,,,,0.0
2250,2238.0,2250.0,-12.0,0.0
2251,,,,0.0
2252,2240.0,2252.0,-12.0,0.0
2253,,,,0.0
2254,2242.0,2254.0,-12.0,0.0
2255,,,,0.0
2256,2244.0,2256.0,-12.0,0.0
2257,,,,0.0
2258,,,,0.0
2259,2246.0,2259.0,-13.0,0.0
2260,2248.0,2260.0,-12.0,0.0
2261,,,,0.0
2262,2250.0,2262.0,-12.0,0.0
2263,,,,0.0
2264,2252.0,2264.0,-12.0,0.0
2265,,,,0.0
2266,2254.0,2266.0,-12.0,0.0
2267,,,,0.0
2268,,,,0.0
2269,2256.0,2269.0,-13.0,0.0
2270,2258.0,2270.0,-12.0,0.0
2271,,,,0.0
2272,2260.0,2272.0,-12.0,0.0
2273,,,,0.0
2274,,,,0.0
2275,2262.0,2275.0,-13.0,0.0
2276,2264.0,2276.0,-12.0,0.0
2277,,,,0.0
2278,2266.0,2278.0,-12.0,0.0
2279,,,,0.0
2280,2268.0,2280.0,-12.0,0.0
2281,,,,0.0
2282,2270.0,2282.0,-12.0,0.0
2283,,,,0.0
2284,2272.0,2284.0,-12.0,0.0
2285,,,,0.0
2286,2274.0,2286.0,-12.0,0.0
2287,,,,0.0
2288,,,,0.0
2289,2276.0,2289.0,-13.0,0.0
2290,2278.0,2290.0,-12.0,0.0
2291,,,,0.0
2292,,,,0.0
2293,2280.0,2293.0,-13.0,0.0
2294,2282.0,2294.0,-12.0,0.0
2295,,,,0.0
2296,,,,0.0
2297,2284.0,2297.0,-13.0,0.0
2298,2286.0,2298.0,-12.0,0.0
2299,,,,0.0
2300,,,,0.0
2301,,,,0.0
2302,2290.0,2302.0,-12.0,0.0
2303,,,,0.0
2304,2292.0,2304.0,-12.0,0.0
2305,,,,0.0
2306,2294.0,2306.0,-12.0,0.0
2307,,,,0.0
2308,2296.0,2308.0,-12.0,0.0
2309,,,,0.0
2310,2298.0,2310.0,-12.0,0.0
2311,,,,0.0
2312,2300.0,2312.0,-12.0,0.0
2313,,,,0.0
2314,2302.0,2314.0,-12.0,0.0
2315,,,,0.0
2316,2304.0,2316.0,-12.0,0.0
2317,,,,0.0
2318,2306.0,2318.0,-12.0,0.0
2319,,,,0.0
2320,2308.0,2320.0,-12.0,0.0
2321,,,,0.0
2322,2310.0,2322.0,-12.0,0.0
2323,,,,0.0
2324,2312.0,2324.0,-12.0,0.0
2325,,,,0.0
2326,2314.0,2326.0,-12.0,0.0
2327,,,,0.0
2328,2316.0,2328.0,-12.0,0.0
2329,,,,0.0
2330,2318.0,2330.0,-12.0,0.0
2331,,,,0.0
2332,2320.0,2332.0,-12.0,0.0
2333,,,,0.0
2334,,,,0.0
2335,2322.0,2335.0,-13.0,0.0
2336,2324.0,2336.0,-12.0,0.0
2337,,,,0.0
2338,2326.0,2338.0,-12.0,0.0
2339,,,,0.0
2340,2328.0,2340.0,-12.0,0.0
2341,,,,0.0
2342,2330.0,2342.0,-12.0,0.0
2343,,,,0.0
2344,2332.0,2344.0,-12.0,0.0
2345,,,,0.0
2346,,,,0.0
2347,2334.0,2347.0,-13.0,0.0
2348,2336.0,2348.0,-12.0,0.0
2349,,,,0.0
2350,2338.0,2350.0,-12.0,0.0
2351,,,,0.0
2352,2340.0,2352.0,-12.0,0.0
2353,,,,0.0
2354,2342.0,2354.0,-12.0,0.0
2355,,,,0.0
2356,2344.0,2356.0,-12.0,0.0
2357,,,,0.0
2358,2346.0,2358.0,-12.0,0.0
2359,,,,0.0
2360,,,,0.0
2361,,,,0.0
2362,2348.0,2362.0,-14.0,0.0
2363,2350.0,2363.0,-13.0,0.0
2364,2352.0,2364.0,-12.0,0.0
2365,,,,0.0
2366,2354.0,2366.0,-12.0,0.0
2367,,,,0.0
2368,2356.0,2368.0,-12.0,0.0
2369,,,,0.0
2370,2358.0,2370.0,-12.0,0.0
2371,,,,0.0
2372,2360.0,2372.0,-12.0,0.0
2373,,,,0.0
2374,2362.0,2374.0,-12.0,0.0
2375,,,,0.0
2376,,,,0.0
2377,2364.0,2377.0,-13.0,0.0
2378,2366.0,2378.0,-12.0,0.0
2379,,,,0.0
2380,2368.0,2380.0,-12.0,0.0
2381,,,,0.0
2382,,,,0.0
2383,2370.0,2383.0,-13.0,0.0
2384,,,,0.0
2385,2372.0,2385.0,-13.0,0.0
2386,,,,0.0
2387,2374.0,2387.0,-13.0,0.0
2388,2376.0,2388.0,-12.0,0.0
2389,,,,0.0
2390,,,,0.0
2391,2378.0,2391.0,-13.0,0.0
2392,,,,0.0
2393,2380.0,2393.0,-13.0,0.0
2394,2382.0,2394.0,-12.0,0.0
2395,,,,0.0
2396,2384.0,2396.0,-12.0,0.0
2397,,,,0.0
2398,2386.0,2398.0,-12.0,0.0
2399,,,,0.0
2400,2388.0,2400.0,-12.0,0.0
2401,,,,0.0
2402,,,,0.0
2403,2390.0,2403.0,-13.0,0.0
2404,2392.0,2404.0,-12.0,0.0
2405,,,,0.0
2406,2394.0,2406.0,-12.0,0.0
2407,,,,0.0
2408,,,,0.0
2409,2396.0,2409.0,-13.0,0.0
2410,,,,0.0
2411,2398.0,2411.0,-13.0,0.0
2412,2400.0,2412.0,-12.0,0.0
2413,,,,0.0
2414,2402.0,2414.0,-12.0,0.0
2415,,,,0.0
2416,,,,0.0
2417,,,,0.0
2418,2406.0,2418.0,-12.0,0.0
2419,,,,0.0
2420,2408.0,2420.0,-12.0,0.0
2421,,,,0.0
2422,,,,0.0
2423,2410.0,2423.0,-13.0,0.0
2424,2412.0,2424.0,-12.0,0.0
2425,,,,0.0
2426,,,,0.0
2427,2414.0,2427.0,-13.0,0.0
2428,2416.0,2428.0,-12.0,0.0
2429,,,,0.0
2430,,,,0.0
2431,2418.0,2431.0,-13.0,0.0
2432,,,,0.0
2433,2420.0,2433.0,-13.0,0.0
2434,,,,0.0
2435,,,,0.0
2436,2422.0,2436.0,-14.0,0.0
2437,2424.0,2437.0,-13.0,0.0
2438,,,,0.0
2439,2426.0,2439.0,-13.0,0.0
2440,,,,0.0
2441,2428.0,2441.0,-13.0,0.0
2442,,,,0.0
2443,2430.0,2443.0,-13.0,0.0
2444,,,,0.0
2445,2432.0,2445.0,-13.0,0.0
2446,,,,0.0
2447,2434.0,2447.0,-13.0,0.0
2448,,,,0.0
2449,2436.0,2449.0,-13.0,0.0
2450,,,,0.0
2451,2438.0,2451.0,-13.0,0.0
2452,,,,0.0
2453,2440.0,2453.0,-13.0,0.0
2454,,,,0.0
2455,2442.0,2455.0,-13.0,0.0
2456,,,,0.0
2457,2444.0,2457.0,-13.0,0.0
2458,,,,0.0
2459,2446.0,2459.0,-13.0,0.0
2460,,,,0.0
2461,2448.0,2461.0,-13.0,0.0
2462,,,,0.0
2463,,,,0.0
2464,2450.0,2464.0,-14.0,0.0
2465,2452.0,2465.0,-13.0,0.0
2466,,,,0.0
2467,,,,0.0
2468,2456.0,2468.0,-12.0,0.0
2469,,,,0.0
2470,,,,0.0
2471,,,,0.0
2472,2458.0,2472.0,-14.0,0.0
2473,,,,0.0
2474,2460.0,2474.0,-14.0,0.0
2475,,,,0.0
2476,2462.0,2476.0,-14.0,0.0
2477,2464.0,2477.0,-13.0,0.0
2478,,,,0.0
2479,2466.0,2479.0,-13.0,0.0
2480,,,,0.0
2481,2468.0,2481.0,-13.0,0.0
2482,,,,0.0
2483,2470.0,2483.0,-13.0,0.0
2484,,,,0.0
2485,2472.0,2485.0,-13.0,0.0
2486,,,,0.0
2487,,,,0.0
2488,2474.0,2488.0,-14.0,0.0
2489,2476.0,2489.0,-13.0,0.0
2490,,,,0.0
2491,,,,0.0
2492,2478.0,2492.0,-14.0,0.0
2493,2480.0,2493.0,-13.0,0.0
2494,,,,0.0
2495,,,,0.0
2496,2482.0,2496.0,-14.0,0.0
2497,,,,0.0
2498,,,,0.0
2499,2484.0,2499.0,-15.0,0.0
2500,2486.0,2500.0,-14.0,0.0
2501,,,,0.0
2502,,,,0.0
2503,2488.0,2503.0,-15.0,0.0
2504,2490.0,2504.0,-14.0,0.0
2505,2492.0,2505.0,-13.0,0.0
2506,,,,0.0
2507,,,,0.0
2508,2494.0,2508.0,-14.0,0.0
2509,,,,0.0
2510,2496.0,2510.0,-14.0,0.0
2511,,,,0.0
2512,2498.0,2512.0,-14.0,0.0
2513,,,,0.0
2514,2500.0,2514.0,-14.0,0.0
2515,,,,0.0
2516,2502.0,2516.0,-14.0,0.0
2517,,,,0.0
2518,2504.0,2518.0,-14.0,0.0
2519,,,,0.0
2520,2506.0,2520.0,-14.0,0.0
2521,,,,0.0
2522,2508.0,2522.0,-14.0,0.0
2523,,,,0.0
2524,2510.0,2524.0,-14.0,0.0
2525,,,,0.0
2526,2512.0,2526.0,-14.0,0.0
2527,,,,0.0
2528,2514.0,2528.0,-14.0,0.0
2529,,,,0.0
2530,2516.0,2530.0,-14.0,0.0
2531,2518.0,2531.0,-13.0,0.0
2532,,,,0.0
2533,,,,0.0
2534,2520.0,2534.0,-14.0,0.0
2535,,,,0.0
2536,2522.0,2536.0,-14.0,0.0
2537,,,,0.0
2538,2524.0,2538.0,-14.0,0.0
2539,,,,0.0
2540,2526.0,2540.0,-14.0,0.0
2541,,,,0.0
2542,2528.0,2542.0,-14.0,0.0
2543,,,,0.0
2544,2530.0,2544.0,-14.0,0.0
2545,,,,0.0
2546,2532.0,2546.0,-14.0,0.0
2547,,,,0.0
2548,2534.0,2548.0,-14.0,0.0
2549,,,,0.0
2550,2536.0,2550.0,-14.0,0.0
2551,,,,0.0
2552,2538.0,2552.0,-14.0,0.0
2553,,,,0.0
2554,2540.0,2554.0,-14.0,0.0
2555,,,,0.0
2556,2542.0,2556.0,-14.0,0.0
2557,2544.0,2557.0,-13.0,0.0
2558,,,,0.0
2559,2554.0,2559.0,-5.0,0.0
2560,,,,8.9
2561,,,,0.0
2562,2556.0,2562.0,-6.0,0.0
2563,2558.0,2563.0,-5.0,0.0
2564,,,,0.0
2565,2560.0,2565.0,-5.0,0.0
2566,,,,0.0
2567,2562.0,2567.0,-5.0,0.0
2568,,,,0.0
2569,2564.0,2569.0,-5.0,0.0
2570,,,,0.0
2571,2566.0,2571.0,-5.0,0.0
2572,,,,0.0
2573,2568.0,2573.0,-5.0,0.0
2574,,,,0.0
2575,2570.0,2575.0,-5.0,0.0
2576,,,,0.0
2577,2572.0,2577.0,-5.0,0.0
2578,,,,0.0
2579,2574.0,2579.0,-5.0,0.0
2580,,,,0.0
2581,2576.0,2581.0,-5.0,0.0
2582,,,,0.0
2583,,,,0.0
2584,2578.0,2584.0,-6.0,0.0
2585,2580.0,2585.0,-5.0,0.0
2586,,,,0.0
2587,2582.0,2587.0,-5.0,0.0
2588,,,,0.0
2589,2584.0,2589.0,-5.0,0.0
2590,,,,0.0
2591,2586.0,2591.0,-5.0,0.0
2592,,,,0.0
2593,,,,0.0
2594,2588.0,2594.0,-6.0,0.0
2595,,,,0.0
2596,2590.0,2596.0,-6.0,0.0
2597,2592.0,2597.0,-5.0,0.0
2598,,,,0.0
2599,,,,0.0
2600,2594.0,2600.0,-6.0,0.0
2601,2596.0,2601.0,-5.0,0.0
2602,,,,0.0
2603,,,,0.0
2604,2598.0,2604.0,-6.0,0.0
2605,2600.0,2605.0,-5.0,0.0
2606,,,,0.0
2607,2602.0,2607.0,-5.0,0.0
2608,,,,0.0
2609,,,,0.0
2610,2604.0,2610.0,-6.0,0.0
2611,2606.0,2611.0,-5.0,0.0
2612,,,,0.0
2613,2608.0,2613.0,-5.0,0.0
2614,,,,0.0
2615,,,,0.0
2616,,,,0.0
2617,2610.0,2617.0,-7.0,0.0
2618,2612.0,2618.0,-6.0,0.0
2619,,,,0.0
2620,2614.0,2620.0,-6.0,0.0
2621,2616.0,2621.0,-5.0,0.0
2622,,,,0.0
2623,,,,0.0
2624,2618.0,2624.0,-6.0,0.0
2625,2620.0,2625.0,-5.0,0.0
2626,,,,0.0
2627,,,,0.0
2628,2622.0,2628.0,-6.0,0.0
2629,2624.0,2629.0,-5.0,0.0
2630,,,,0.0
2631,,,,0.0
2632,2626.0,2632.0,-6.0,0.0
2633,,,,0.0
2634,2628.0,2634.0,-6.0,0.0
2635,,,,0.0
2636,2630.0,2636.0,-6.0,0.0
2637,2632.0,2637.0,-5.0,0.0
2638,,,,0.0
2639,2634.0,2639.0,-5.0,0.0
2640,,,,0.0
2641,,,,0.0
2642,2636.0,2642.0,-6.0,0.0
2643,2638.0,2643.0,-5.0,0.0
2644,,,,0.0
2645,2640.0,2645.0,-5.0,0.0
2646,,,,0.0
2647,2642.0,2647.0,-5.0,0.0
2648,,,,0.0
2649,,,,0.0
2650,2644.0,2650.0,-6.0,0.0
2651,2646.0,2651.0,-5.0,0.0
2652,,,,0.0
2653,,,,0.0
2654,2648.0,2654.0,-6.0,0.0
2655,,,,0.0
2656,2652.0,2656.0,-4.0,0.0
2657,,,,0.0
2658,,,,0.0
2659,,,,0.0
2660,2654.0,2660.0,-6.0,0.0
2661,2656.0,2661.0,-5.0,0.0
2662,,,,0.0
2663,,,,0.0
2664,2658.0,2664.0,-6.0,0.0
2665,,,,0.0
2666,2660.0,2666.0,-6.0,0.0
2667,2662.0,2667.0,-5.0,0.0
2668,,,,0.0
2669,2664.0,2669.0,-5.0,0.0
2670,,,,0.0
2671,2666.0,2671.0,-5.0,0.0
2672,,,,0.0
2673,,,,0.0
2674,2668.0,2674.0,-6.0,0.0
2675,2670.0,2675.0,-5.0,0.0
2676,,,,0.0
2677,2672.0,2677.0,-5.0,0.0
2678,,,,0.0
2679,,,,0.0
2680,2674.0,2680.0,-6.0,0.0
2681,,,,0.0
2682,2676.0,2682.0,-6.0,0.0
2683,2678.0,2683.0,-5.0,0.0
2684,,,,0.0
2685,,,,0.0
2686,2680.0,2686.0,-6.0,0.0
2687,,,,0.0
2688,,,,0.0
2689,2682.0,2689.0,-7.0,0.0
2690,2684.0,2690.0,-6.0,0.0
2691,,,,0.0
2692,,,,0.0
2693,2686.0,2693.0,-7.0,0.0
2694,2688.0,2694.0,-6.0,0.0
2695,,,,0.0
2696,,,,0.0
2697,2690.0,2697.0,-7.0,0.0
2698,2692.0,2698.0,-6.0,0.0
2699,,,,0.0
2700,2694.0,2700.0,-6.0,0.0
2701,,,,0.0
2702,2696.0,2702.0,-6.0,0.0
2703,,,,0.0
2704,,,,0.0
2705,2698.0,2705.0,-7.0,0.0
2706,2700.0,2706.0,-6.0,0.0
2707,,,,0.0
2708,2702.0,2708.0,-6.0,0.0
2709,,,,0.0
2710,2704.0,2710.0,-6.0,0.0
2711,2706.0,2711.0,-5.0,0.0
2712,,,,0.0
2713,,,,0.0
2714,,,,0.0
2715,2708.0,2715.0,-7.0,0.0
2716,,,,0.0
2717,2710.0,2717.0,-7.0,0.0
2718,,,,0.0
2719,2712.0,2719.0,-7.0,0.0
2720,2714.0,2720.0,-6.0,0.0
2721,,,,0.0
2722,,,,0.0
2723,2716.0,2723.0,-7.0,0.0
2724,,,,0.0
2725,2718.0,2725.0,-7.0,0.0
2726,2720.0,2726.0,-6.0,0.0
2727,,,,0.0
2728,2722.0,2728.0,-6.0,0.0
2729,,,,0.0
2730,,,,0.0
2731,2724.0,2731.0,-7.0,0.0
2732,,,,0.0
2733,2726.0,2733.0,-7.0,0.0
2734,2728.0,2734.0,-6.0,0.0
2735,,,,0.0
2736,2730.0,2736.0,-6.0,0.0
2737,,,,0.0
2738,2732.0,2738.0,-6.0,0.0
2739,,,,0.0
2740,2734.0,2740.0,-6.0,0.0
2741,,,,0.0
2742,,,,0.0
2743,2736.0,2743.0,-7.0,0.0
2744,,,,0.0
2745,2738.0,2745.0,-7.0,0.0
2746,,,,0.0
2747,2740.0,2747.0,-7.0,0.0
2748,,,,0.0
2749,2742.0,2749.0,-7.0,0.0
2750,,,,0.0
2751,2744.0,2751.0,-7.0,0.0
2752,,,,0.0
2753,2746.0,2753.0,-7.0,0.0
2754,,,,0.0
2755,2748.0,2755.0,-7.0,0.0
2756,,,,0.0
2757,2750.0,2757.0,-7.0,0.0
2758,2752.0,2758.0,-6.0,0.0
2759,,,,0.0
2760,,,,0.0
2761,2754.0,2761.0,-7.0,0.0
2762,,,,0.0
2763,2756.0,2763.0,-7.0,0.0
2764,,,,0.0
2765,2758.0,2765.0,-7.0,0.0
2766,,,,0.0
2767,2760.0,2767.0,-7.0,0.0
2768,,,,0.0
2769,2762.0,2769.0,-7.0,0.0
2770,,,,0.0
2771,2764.0,2771.0,-7.0,0.0
2772,2766.0,2772.0,-6.0,0.0
2773,,,,0.0
2774,,,,0.0
2775,2768.0,2775.0,-7.0,0.0
2776,,,,0.0
2777,2770.0,2777.0,-7.0,0.0
2778,,,,0.0
2779,2772.0,2779.0,-7.0,0.0
2780,,,,0.0
2781,2774.0,2781.0,-7.0,0.0
2782,,,,0.0
2783,2776.0,2783.0,-7.0,0.0
2784,,,,0.0
2785,2778.0,2785.0,-7.0,0.0
2786,,,,0.0
2787,2780.0,2787.0,-7.0,0.0
2788,,,,0.0
2789,2782.0,2789.0,-7.0,0.0
2790,,,,0.0
2791,,,,0.0
2792,2784.0,2792.0,-8.0,0.0
2793,2786.0,2793.0,-7.0,0.0
2794,,,,0.0
2795,,,,0.0
2796,2788.0,2796.0,-8.0,0.0
2797,2790.0,2797.0,-7.0,0.0
2798,,,,0.0
2799,2792.0,2799.0,-7.0,0.0
2800,,,,0.0
2801,2794.0,2801.0,-7.0,0.0
2802,,,,0.0
2803,2796.0,2803.0,-7.0,0.0
2804,,,,0.0
2805,2798.0,2805.0,-7.0,0.0
2806,,,,0.0
2807,2800.0,2807.0,-7.0,0.0
2808,,,,0.0
2809,2802.0,2809.0,-7.0,0.0
2810,,,,0.0
2811,,,,0.0
2812,2804.0,2812.0,-8.0,0.0
2813,2806.0,2813.0,-7.0,0.0
2814,,,,0.0
2815,2808.0,2815.0,-7.0,0.0
2816,2810.0,2816.0,-6.0,0.0
2817,,,,0.0
2818,,,,0.0
2819,2812.0,2819.0,-7.0,0.0
2820,2814.0,2820.0,-6.0,0.0
2821,,,,0.0
2822,,,,0.0
2823,2816.0,2823.0,-7.0,0.0
2824,,,,0.0
2825,2818.0,2825.0,-7.0,0.0
2826,,,,0.0
2827,2820.0,2827.0,-7.0,0.0
2828,,,,0.0
2829,2822.0,2829.0,-7.0,0.0
2830,,,,0.0
2831,2824.0,2831.0,-7.0,0.0
2832,,,,0.0
2833,2826.0,2833.0,-7.0,0.0
2834,,,,0.0
2835,,,,0.0
2836,2828.0,2836.0,-8.0,0.0
2837,2830.0,2837.0,-7.0,0.0
2838,,,,0.0
2839,2832.0,2839.0,-7.0,0.0
2840,,,,0.0
2841,2834.0,2841.0,-7.0,0.0
2842,,,,0.0
2843,2836.0,2843.0,-7.0,0.0
2844,,,,0.0
2845,2838.0,2845.0,-7.0,0.0
2846,,,,0.0
2847,,,,0.0
2848,2840.0,2848.0,-8.0,0.0
2849,2842.0,2849.0,-7.0,0.0
2850,,,,0.0
2851,2844.0,2851.0,-7.0,0.0
2852,2846.0,2852.0,-6.0,0.0
2853,,,,0.0
2854,,,,0.0
2855,2848.0,2855.0,-7.0,0.0
2856,,,,0.0
2857,2850.0,2857.0,-7.0,0.0
2858,,,,0.0
2859,2852.0,2859.0,-7.0,0.0
2860,,,,0.0
2861,2854.0,2861.0,-7.0,0.0
2862,,,,0.0
2863,2856.0,2863.0,-7.0,0.0
2864,,,,0.0
2865,2858.0,2865.0,-7.0,0.0
2866,,,,0.0
2867,2860.0,2867.0,-7.0,0.0
2868,,,,0.0
2869,2862.0,2869.0,-7.0,0.0
2870,,,,0.0
2871,,,,0.0
2872,2864.0,2872.0,-8.0,0.0
2873,2866.0,2873.0,-7.0,0.0
2874,,,,0.0
2875,,,,0.0
2876,2868.0,2876.0,-8.0,0.0
2877,2870.0,2877.0,-7.0,0.0
2878,,,,0.0
2879,,,,0.0
2880,2872.0,2880.0,-8.0,0.0
2881,,,,0.0
2882,2874.0,2882.0,-8.0,0.0
2883,,,,0.0
2884,2876.0,2884.0,-8.0,0.0
2885,2878.0,2885.0,-7.0,0.0
2886,,,,0.0
2887,,,,0.0
2888,2880.0,2888.0,-8.0,0.0
2889,2882.0,2889.0,-7.0,0.0
2890,,,,0.0
2891,,,,0.0
2892,2884.0,2892.0,-8.0,0.0
2893,2886.0,2893.0,-7.0,0.0
2894,,,,0.0
2895,2888.0,2895.0,-7.0,0.0
2896,,,,0.0
2897,,,,0.0
2898,2890.0,2898.0,-8.0,0.0
2899,2892.0,2899.0,-7.0,0.0
2900,,,,0.0
2901,2894.0,2901.0,-7.0,0.0
2902,,,,0.0
2903,,,,0.0
2904,2896.0,2904.0,-8.0,0.0
2905,,,,0.0
2906,2898.0,2906.0,-8.0,0.0
2907,2900.0,2907.0,-7.0,0.0
2908,,,,0.0
2909,2902.0,2909.0,-7.0,0.0
2910,,,,0.0
2911,,,,0.0
2912,,,,0.0
2913,2904.0,2913.0,-9.0,0.0
2914,2906.0,2914.0,-8.0,0.0
2915,,,,0.0
2916,2908.0,2916.0,-8.0,0.0
2917,2910.0,2917.0,-7.0,0.0
2918,,,,0.0
2919,,,,0.0
2920,2912.0,2920.0,-8.0,0.0
2921,,,,0.0
2922,2914.0,2922.0,-8.0,0.0
2923,,,,0.0
2924,2916.0,2924.0,-8.0,0.0
2925,,,,0.0
2926,2918.0,2926.0,-8.0,0.0
2927,,,,0.0
2928,2920.0,2928.0,-8.0,0.0
2929,2922.0,2929.0,-7.0,0.0
2930,,,,0.0
2931,,,,0.0
2932,2924.0,2932.0,-8.0,0.0
2933,,,,0.0
2934,2926.0,2934.0,-8.0,0.0
2935,,,,0.0
2936,2928.0,2936.0,-8.0,0.0
2937,,,,0.0
2938,2930.0,2938.0,-8.0,0.0
2939,2932.0,2939.0,-7.0,0.0
2940,,,,0.0
2941,2934.0,2941.0,-7.0,0.0
2942,,,,0.0
2943,,,,0.0
2944,,,,0.0
2945,2936.0,2945.0,-9.0,0.0
2946,2938.0,2946.0,-8.0,0.0
2947,,,,0.0
2948,2940.0,2948.0,-8.0,0.0
2949,,,,0.0
2950,2942.0,2950.0,-8.0,0.0
2951,,,,0.0
2952,,,,0.0
2953,2944.0,2953.0,-9.0,0.0
2954,2946.0,2954.0,-8.0,0.0
2955,,,,0.0
2956,2948.0,2956.0,-8.0,0.0
2957,,,,0.0
2958,,,,0.0
2959,2950.0,2959.0,-9.0,0.0
2960,,,,0.0
2961,2952.0,2961.0,-9.0,0.0
2962,,,,0.0
2963,2954.0,2963.0,-9.0,0.0
2964,2956.0,2964.0,-8.0,0.0
2965,,,,0.0
2966,,,,0.0
2967,2958.0,2967.0,-9.0,0.0
2968,,,,0.0
2969,2960.0,2969.0,-9.0,0.0
2970,,,,0.0
2971,2962.0,2971.0,-9.0,0.0
2972,2964.0,2972.0,-8.0,0.0
2973,,,,0.0
2974,,,,0.0
2975,2966.0,2975.0,-9.0,0.0
2976,,,,0.0
2977,2968.0,2977.0,-9.0,0.0
2978,,,,0.0
2979,2970.0,2979.0,-9.0,0.0
2980,2972.0,2980.0,-8.0,0.0
2981,,,,0.0
2982,,,,0.0
2983,2974.0,2983.0,-9.0,0.0
2984,,,,0.0
2985,2976.0,2985.0,-9.0,0.0
2986,,,,0.0
2987,,,,0.0
2988,2978.0,2988.0,-10.0,0.0
2989,2980.0,2989.0,-9.0,0.0
2990,2982.0,2990.0,-8.0,0.0
2991,,,,0.0
2992,,,,0.0
2993,,,,0.0
2994,2984.0,2994.0,-10.0,0.0
2995,,,,0.0
2996,2988.0,2996.0,-8.0,0.0
2997,,,,0.0
2998,,,,0.0
2999,2990.0,2999.0,-9.0,0.0
3000,2992.0,3000.0,-8.0,0.0
3001,,,,0.0
3002,,,,0.0
3003,2994.0,3003.0,-9.0,0.0
3004,2996.0,3004.0,-8.0,0.0
3005,,,,0.0
3006,,,,0.0
3007,2998.0,3007.0,-9.0,0.0
3008,,,,0.0
3009,3000.0,3009.0,-9.0,0.0
3010,,,,0.0
3011,3002.0,3011.0,-9.0,0.0
3012,,,,0.0
3013,3004.0,3013.0,-9.0,0.0
3014,,,,0.0
3015,3006.0,3015.0,-9.0,0.0
3016,,,,0.0
3017,3008.0,3017.0,-9.0,0.0
3018,,,,0.0
3019,3010.0,3019.0,-9.0,0.0
3020,,,,0.0
3021,3012.0,3021.0,-9.0,0.0
3022,,,,0.0
3023,3014.0,3023.0,-9.0,0.0
3024,,,,0.0
3025,,,,0.0
3026,3016.0,3026.0,-10.0,0.0
3027,,,,0.0
3028,3018.0,3028.0,-10.0,0.0
3029,3020.0,3029.0,-9.0,0.0
3030,,,,0.0
3031,3022.0,3031.0,-9.0,0.0
3032,,,,0.0
3033,3024.0,3033.0,-9.0,0.0
3034,,,,0.0
3035,3026.0,3035.0,-9.0,0.0
3036,,,,0.0
3037,3028.0,3037.0,-9.0,0.0
3038,,,,0.0
3039,3030.0,3039.0,-9.0,0.0
3040,,,,0.0
3041,3032.0,3041.0,-9.0,0.0
3042,,,,0.0
3043,,,,0.0
3044,3034.0,3044.0,-10.0,0.0
3045,3036.0,3045.0,-9.0,0.0
3046,,,,0.0
3047,,,,0.0
3048,3038.0,3048.0,-10.0,0.0
3049,,,,0.0
3050,3040.0,3050.0,-10.0,0.0
3051,,,,0.0
3052,3042.0,3052.0,-10.0,0.0
3053,3044.0,3053.0,-9.0,0.0
3054,,,,0.0
3055,3046.0,3055.0,-9.0,0.0
3056,,,,0.0
3057,3048.0,3057.0,-9.0,0.0
3058,,,,0.0
3059,3050.0,3059.0,-9.0,0.0
3060,,,,0.0
3061,3052.0,3061.0,-9.0,0.0
3062,,,,0.0
3063,,,,0.0
3064,3054.0,3064.0,-10.0,0.0
3065,,,,0.0
3066,,,,0.0
3067,3056.0,3067.0,-11.0,0.0
3068,3058.0,3068.0,-10.0,0.0
3069,3060.0,3069.0,-9.0,0.0
3070,,,,0.0
3071,,,,0.0
3072,3062.0,3072.0,-10.0,0.0
3073,,,,0.0
3074,3064.0,3074.0,-10.0,0.0
3075,,,,0.0
3076,3066.0,3076.0,-10.0,0.0
3077,3068.0,3077.0,-9.0,0.0
3078,,,,0.0
3079,,,,0.0
3080,3070.0,3080.0,-10.0,0.0
3081,3072.0,3081.0,-9.0,0.0
3082,,,,0.0
3083,3074.0,3083.0,-9.0,0.0
3084,,,,0.0
3085,,,,0.0
3086,3076.0,3086.0,-10.0,0.0
3087,,,,0.0
3088,3078.0,3088.0,-10.0,0.0
3089,,,,0.0
3090,3080.0,3090.0,-10.0,0.0
3091,,,,0.0
3092,3082.0,3092.0,-10.0,0.0
3093,3084.0,3093.0,-9.0,0.0
3094,,,,0.0
3095,,,,0.0
3096,3086.0,3096.0,-10.0,0.0
3097,,,,0.0
3098,3088.0,3098.0,-10.0,0.0
3099,,,,0.0
3100,3090.0,3100.0,-10.0,0.0
3101,3092.0,3101.0,-9.0,0.0
3102,,,,0.0
3103,,,,0.0
3104,3094.0,3104.0,-10.0,0.0
3105,,,,0.0
3106,3096.0,3106.0,-10.0,0.0
3107,,,,0.0
3108,3098.0,3108.0,-10.0,0.0
3109,3100.0,3109.0,-9.0,0.0
3110,,,,0.0
3111,,,,0.0
3112,3102.0,3112.0,-10.0,0.0
3113,,,,0.0
3114,3104.0,3114.0,-10.0,0.0
3115,,,,0.0
3116,3106.0,3116.0,-10.0,0.0
3117,3108.0,3117.0,-9.0,0.0
3118,,,,0.0
3119,,,,0.0
3120,3110.0,3120.0,-10.0,0.0
3121,,,,0.0
3122,3112.0,3122.0,-10.0,0.0
3123,,,,0.0
3124,3114.0,3124.0,-10.0,0.0
3125,,,,0.0
3126,3116.0,3126.0,-10.0,0.0
3127,,,,0.0
3128,3118.0,3128.0,-10.0,0.0
3129,,,,0.0
3130,3120.0,3130.0,-10.0,0.0
3131,,,,0.0
3132,3122.0,3132.0,-10.0,0.0
3133,,,,0.0
3134,,,,0.0
3135,3124.0,3135.0,-11.0,0.0
3136,3126.0,3136.0,-10.0,0.0
3137,,,,0.0
3138,3128.0,3138.0,-10.0,0.0
3139,,,,0.0
3140,3130.0,3140.0,-10.0,0.0
3141,,,,0.0
3142,3132.0,3142.0,-10.0,0.0
3143,,,,0.0
3144,3134.0,3144.0,-10.0,0.0
3145,,,,0.0
3146,3136.0,3146.0,-10.0,0.0
3147,,,,0.0
3148,3138.0,3148.0,-10.0,0.0
3149,,,,0.0
3150,,,,0.0
3151,3140.0,3151.0,-11.0,0.0
3152,3142.0,3152.0,-10.0,0.0
3153,,,,0.0
3154,3144.0,3154.0,-10.0,0.0
3155,,,,0.0
3156,3146.0,3156.0,-10.0,0.0
3157,,,,0.0
3158,3148.0,3158.0,-10.0,0.0
3159,,,,0.0
3160,,,,0.0
3161,3150.0,3161.0,-11.0,0.0
3162,,,,0.0
3163,3152.0,3163.0,-11.0,0.0
3164,3154.0,3164.0,-10.0,0.0
3165,,,,0.0
3166,3156.0,3166.0,-10.0,0.0
3167,,,,0.0
3168,3158.0,3168.0,-10.0,0.0
3169,,,,0.0
3170,,,,0.0
3171,3160.0,3171.0,-11.0,0.0
3172,3162.0,3172.0,-10.0,0.0
3173,,,,0.0
3174,3164.0,3174.0,-10.0,0.0
3175,,,,0.0
3176,3166.0,3176.0,-10.0,0.0
3177,,,,0.0
3178,,,,0.0
3179,,,,0.0
3180,3170.0,3180.0,-10.0,0.0
3181,,,,0.0
3182,3172.0,3182.0,-10.0,0.0
3183,,,,0.0
3184,,,,0.0
3185,3174.0,3185.0,-11.0,0.0
3186,,,,0.0
3187,3176.0,3187.0,-11.0,0.0
3188,3178.0,3188.0,-10.0,0.0
3189,,,,0.0
3190,,,,0.0
3191,3180.0,3191.0,-11.0,0.0
3192,,,,0.0
3193,3182.0,3193.0,-11.0,0.0
3194,3184.0,3194.0,-10.0,0.0
3195,,,,0.0
3196,,,,0.0
3197,3186.0,3197.0,-11.0,0.0
3198,,,,0.0
3199,3188.0,3199.0,-11.0,0.0
3200,,,,0.0
3201,,,,0.0
3202,3190.0,3202.0,-12.0,0.0
3203,3192.0,3203.0,-11.0,0.0
3204,,,,0.0
3205,3194.0,3205.0,-11.0,0.0
3206,,,,0.0
3207,3196.0,3207.0,-11.0,0.0
3208,,,,0.0
3209,3198.0,3209.0,-11.0,0.0
3210,,,,0.0
3211,3200.0,3211.0,-11.0,0.0
3212,,,,0.0
3213,,,,0.0
3214,3202.0,3214.0,-12.0,0.0
3215,3204.0,3215.0,-11.0,0.0
3216,,,,0.0
3217,,,,0.0
3218,3206.0,3218.0,-12.0,0.0
3219,3208.0,3219.0,-11.0,0.0
3220,,,,0.0
3221,3210.0,3221.0,-11.0,0.0
3222,,,,0.0
3223,,,,0.0
3224,3212.0,3224.0,-12.0,0.0
3225,3214.0,3225.0,-11.0,0.0
3226,,,,0.0
3227,3216.0,3227.0,-11.0,0.0
3228,,,,0.0
3229,,,,0.0
3230,3218.0,3230.0,-12.0,0.0
3231,,,,0.0
3232,3220.0,3232.0,-12.0,0.0
3233,3222.0,3233.0,-11.0,0.0
3234,,,,0.0
3235,3224.0,3235.0,-11.0,0.0
3236,,,,0.0
3237,3226.0,3237.0,-11.0,0.0
3238,,,,0.0
3239,,,,0.0
3240,3228.0,3240.0,-12.0,0.0
3241,,,,0.0
3242,3230.0,3242.0,-12.0,0.0
3243,,,,0.0
3244,3232.0,3244.0,-12.0,0.0
3245,,,,0.0
3246,3234.0,3246.0,-12.0,0.0
3247,,,,0.0
3248,3236.0,3248.0,-12.0,0.0
3249,,,,0.0
3250,3238.0,3250.0,-12.0,0.0
3251,,,,0.0
3252,3240.0,3252.0,-12.0,0.0
3253,,,,0.0
3254,3242.0,3254.0,-12.0,0.0
3255,,,,0.0
3256,3244.0,3256.0,-12.0,0.0
3257,,,,0.0
3258,3246.0,3258.0,-12.0,0.0
3259,,,,0.0
3260,3248.0,3260.0,-12.0,0.0
3261,,,,0.0
3262,3250.0,3262.0,-12.0,0.0
3263,,,,0.0
3264,,,,0.0
3265,3252.0,3265.0,-13.0,0.0
3266,3254.0,3266.0,-12.0,0.0
3267,,,,0.0
3268,3256.0,3268.0,-12.0,0.0
3269,,,,0.0
3270,3258.0,3270.0,-12.0,0.0
3271,,,,0.0
3272,3260.0,3272.0,-12.0,0.0
3273,,,,0.0
3274,3262.0,3274.0,-12.0,0.0
3275,,,,0.0
3276,3264.0,3276.0,-12.0,0.0
3277,,,,0.0
3278,3266.0,3278.0,-12.0,0.0
3279,,,,0.0
3280,3268.0,3280.0,-12.0,0.0
3281,,,,0.0
3282,3270.0,3282.0,-12.0,0.0
3283,,,,0.0
3284,3272.0,3284.0,-12.0,0.0
3285,,,,0.0
3286,3274.0,3286.0,-12.0,0.0
3287,,,,0.0
3288,3276.0,3288.0,-12.0,0.0
3289,,,,0.0
3290,3278.0,3290.0,-12.0,0.0
3291,,,,0.0
3292,,,,0.0
3293,3280.0,3293.0,-13.0,0.0
3294,3282.0,3294.0,-12.0,0.0
3295,,,,0.0
3296,3284.0,3296.0,-12.0,0.0
3297,,,,0.0
3298,3286.0,3298.0,-12.0,0.0
3299,,,,0.0
3300,3288.0,3300.0,-12.0,0.0
3301,,,,0.0
3302,3290.0,3302.0,-12.0,0.0
3303,,,,0.0
3304,,,,0.0
3305,3292.0,3305.0,-13.0,0.0
3306,3294.0,3306.0,-12.0,0.0
3307,,,,0.0
3308,3296.0,3308.0,-12.0,0.0
3309,,,,0.0
3310,3298.0,3310.0,-12.0,0.0
3311,,,,0.0
3312,,,,0.0
3313,3300.0,3313.0,-13.0,0.0
3314,3302.0,3314.0,-12.0,0.0
3315,,,,0.0
3316,3304.0,3316.0,-12.0,0.0
3317,,,,0.0
3318,3306.0,3318.0,-12.0,0.0
3319,,,,0.0
3320,,,,0.0
3321,3308.0,3321.0,-13.0,0.0
3322,,,,0.0
3323,3310.0,3323.0,-13.0,0.0
3324,,,,0.0
3325,3312.0,3325.0,-13.0,0.0
3326,,,,0.0
3327,3314.0,3327.0,-13.0,0.0
3328,3316.0,3328.0,-12.0,0.0
3329,,,,0.0
3330,,,,0.0
3331,3318.0,3331.0,-13.0,0.0
3332,3320.0,3332.0,-12.0,0.0
3333,,,,0.0
3334,3322.0,3334.0,-12.0,0.0
3335,,,,0.0
3336,3324.0,3336.0,-12.0,0.0
3337,,,,0.0
3338,3326.0,3338.0,-12.0,0.0
3339,,,,0.0
3340,3328.0,3340.0,-12.0,0.0
3341,,,,0.0
3342,,,,0.0
3343,3330.0,3343.0,-13.0,0.0
3344,,,,0.0
3345,3332.0,3345.0,-13.0,0.0
3346,,,,0.0
3347,3334.0,3347.0,-13.0,0.0
3348,3336.0,3348.0,-12.0,0.0
3349,,,,0.0
3350,3338.0,3350.0,-12.0,0.0
3351,,,,0.0
3352,,,,0.0
3353,3340.0,3353.0,-13.0,0.0
3354,,,,0.0
3355,3342.0,3355.0,-13.0,0.0
3356,3344.0,3356.0,-12.0,0.0
3357,,,,0.0
3358,3346.0,3358.0,-12.0,0.0
3359,,,,0.0
3360,,,,0.0
3361,3348.0,3361.0,-13.0,0.0
3362,,,,0.0
3363,3350.0,3363.0,-13.0,0.0
3364,3352.0,3364.0,-12.0,0.0
3365,,,,0.0
3366,3354.0,3366.0,-12.0,0.0
3367,,,,0.0
3368,,,,0.0
3369,3356.0,3369.0,-13.0,0.0
3370,,,,0.0
3371,3358.0,3371.0,-13.0,0.0
3372,3360.0,3372.0,-12.0,0.0
3373,,,,0.0
3374,3362.0,3374.0,-12.0,0.0
3375,,,,0.0
3376,,,,0.0
3377,3364.0,3377.0,-13.0,0.0
3378,3366.0,3378.0,-12.0,0.0
3379,,,,0.0
3380,,,,0.0
3381,3368.0,3381.0,-13.0,0.0
3382,3370.0,3382.0,-12.0,0.0
3383,,,,0.0
3384,,,,0.0
3385,3372.0,3385.0,-13.0,0.0
3386,,,,0.0
3387,3374.0,3387.0,-13.0,0.0
3388,,,,0.0
3389,3376.0,3389.0,-13.0,0.0
3390,,,,0.0
3391,3378.0,3391.0,-13.0,0.0
3392,,,,0.0
3393,3380.0,3393.0,-13.0,0.0
3394,,,,0.0
3395,3382.0,3395.0,-13.0,0.0
3396,3384.0,3396.0,-12.0,0.0
3397,,,,0.0
3398,,,,0.0
3399,,,,0.0
3400,3386.0,3400.0,-14.0,0.0
3401,3388.0,3401.0,-13.0,0.0
3402,,,,0.0
3403,3390.0,3403.0,-13.0,0.0
3404,,,,0.0
3405,3392.0,3405.0,-13.0,0.0
3406,,,,0.0
3407,3394.0,3407.0,-13.0,0.0
3408,,,,0.0
3409,3396.0,3409.0,-13.0,0.0
3410,,,,0.0
3411,,,,0.0
3412,3398.0,3412.0,-14.0,0.0
3413,3400.0,3413.0,-13.0,0.0
3414,,,,0.0
3415,3402.0,3415.0,-13.0,0.0
3416,,,,0.0
3417,3404.0,3417.0,-13.0,0.0
3418,,,,0.0
3419,3406.0,3419.0,-13.0,0.0
3420,,,,0.0
3421,3408.0,3421.0,-13.0,0.0
3422,,,,0.0
3423,,,,0.0
3424,3410.0,3424.0,-14.0,0.0
3425,3412.0,3425.0,-13.0,0.0
3426,,,,0.0
3427,3414.0,3427.0,-13.0,0.0
3428,,,,0.0
3429,3416.0,3429.0,-13.0,0.0
3430,,,,0.0
3431,3418.0,3431.0,-13.0,0.0
3432,,,,0.0
3433,,,,0.0
3434,3420.0,3434.0,-14.0,0.0
3435,3422.0,3435.0,-13.0,0.0
3436,,,,0.0
3437,3424.0,3437.0,-13.0,0.0
3438,,,,0.0
3439,3426.0,3439.0,-13.0,0.0
3440,,,,0.0
3441,,,,0.0
3442,3428.0,3442.0,-14.0,0.0
3443,,,,0.0
3444,3430.0,3444.0,-14.0,0.0
3445,3432.0,3445.0,-13.0,0.0
3446,,,,0.0
3447,3434.0,3447.0,-13.0,0.0
3448,,,,0.0
3449,,,,0.0
3450,3436.0,3450.0,-14.0,0.0
3451,,,,0.0
3452,3438.0,3452.0,-14.0,0.0
3453,,,,0.0
3454,3440.0,3454.0,-14.0,0.0
3455,,,,0.0
3456,3442.0,3456.0,-14.0,0.0
3457,,,,0.0
3458,3444.0,3458.0,-14.0,0.0
3459,,,,0.0
3460,3446.0,3460.0,-14.0,0.0
3461,,,,0.0
3462,3448.0,3462.0,-14.0,0.0
3463,,,,0.0
3464,,,,0.0
3465,3450.0,3465.0,-15.0,0.0
3466,3452.0,3466.0,-14.0,0.0
3467,,,,0.0
3468,3454.0,3468.0,-14.0,0.0
3469,,,,0.0
3470,3456.0,3470.0,-14.0,0.0
3471,,,,0.0
3472,3458.0,3472.0,-14.0,0.0
3473,,,,0.0
3474,3460.0,3474.0,-14.0,0.0
3475,,,,0.0
3476,3462.0,3476.0,-14.0,0.0
3477,,,,0.0
3478,3464.0,3478.0,-14.0,0.0
3479,,,,0.0
3480,,,,0.0
3481,3466.0,3481.0,-15.0,0.0
3482,,,,0.0
3483,3468.0,3483.0,-15.0,0.0
3484,,,,0.0
3485,3470.0,3485.0,-15.0,0.0
3486,,,,0.0
3487,3472.0,3487.0,-15.0,0.0
3488,,,,0.0
3489,3474.0,3489.0,-15.0,0.0
3490,,,,0.0
3491,3476.0,3491.0,-15.0,0.0
3492,3478.0,3492.0,-14.0,0.0
3493,,,,0.0
3494,,,,0.0
3495,3480.0,3495.0,-15.0,0.0
3496,,,,0.0
3497,3482.0,3497.0,-15.0,0.0
3498,,,,0.0
3499,3484.0,3499.0,-15.0,0.0
3500,3486.0,3500.0,-14.0,0.0
3501,,,,0.0
3502,3488.0,3502.0,-14.0,0.0
3503,,,,0.0
3504,,,,0.0
3505,3490.0,3505.0,-15.0,0.0
3506,,,,0.0
3507,3492.0,3507.0,-15.0,0.0
3508,3494.0,3508.0,-14.0,0.0
3509,,,,0.0
3510,,,,0.0
3511,3496.0,3511.0,-15.0,0.0
3512,,,,0.0
3513,3498.0,3513.0,-15.0,0.0
3514,,,,0.0
3515,,,,0.0
3516,3502.0,3516.0,-14.0,0.0
3517,,,,0.0
3518,,,,0.0
3519,3504.0,3519.0,-15.0,0.0
3520,,,,0.0
3521,,,,0.0
3522,3506.0,3522.0,-16.0,0.0
3523,3508.0,3523.0,-15.0,0.0
3524,,,,0.0
3525,3510.0,3525.0,-15.0,0.0
3526,,,,0.0
3527,3512.0,3527.0,-15.0,0.0
3528,,,,0.0
3529,3514.0,3529.0,-15.0,0.0
3530,,,,0.0
3531,3516.0,3531.0,-15.0,0.0
3532,,,,0.0
3533,3518.0,3533.0,-15.0,0.0
3534,,,,0.0
3535,3520.0,3535.0,-15.0,0.0
3536,,,,0.0
3537,3522.0,3537.0,-15.0,0.0
3538,,,,0.0
3539,3524.0,3539.0,-15.0,0.0
3540,,,,0.0
3541,3526.0,3541.0,-15.0,0.0
3542,,,,0.0
3543,3528.0,3543.0,-15.0,0.0
3544,,,,0.0
3545,3530.0,3545.0,-15.0,0.0
3546,,,,0.0
3547,3532.0,3547.0,-15.0,0.0
3548,,,,0.0
3549,3534.0,3549.0,-15.0,0.0
3550,,,,0.0
3551,,,,0.0
3552,3536.0,3552.0,-16.0,0.0
3553,3538.0,3553.0,-15.0,0.0
3554,,,,0.0
3555,3540.0,3555.0,-15.0,0.0
3556,,,,0.0
3557,3542.0,3557.0,-15.0,0.0
3558,,,,0.0
3559,3544.0,3559.0,-15.0,0.0
3560,,,,0.0
3561,,,,0.0
3562,3546.0,3562.0,-16.0,0.0
3563,,,,0.0
3564,3548.0,3564.0,-16.0,0.0
3565,3550.0,3565.0,-15.0,0.0
3566,,,,0.0
3567,,,,0.0
3568,3552.0,3568.0,-16.0,0.0
3569,3554.0,3569.0,-15.0,0.0
3570,,,,0.0
3571,3556.0,3571.0,-15.0,0.0
3572,,,,0.0
3573,3558.0,3573.0,-15.0,0.0
3574,,,,0.0
3575,3560.0,3575.0,-15.0,0.0
3576,,,,0.0
3577,,,,0.0
3578,3562.0,3578.0,-16.0,0.0
3579,,,,0.0
3580,3564.0,3580.0,-16.0,0.0
3581,3566.0,3581.0,-15.0,0.0
3582,,,,0.0
3583,3576.0,3583.0,-7.0,0.0
3584,3578.0,3584.0,-6.0,8.9
3585,,,,0.0
3586,3580.0,3586.0,-6.0,0.0
3587,,,,0.0
3588,3582.0,3588.0,-6.0,0.0
3589,3584.0,3589.0,-5.0,0.0
3590,,,,0.0
3591,,,,0.0
3592,3586.0,3592.0,-6.0,0.0
3593,,,,0.0
3594,3588.0,3594.0,-6.0,0.0
3595,,,,0.0
3596,3590.0,3596.0,-6.0,0.0
3597,,,,0.0
3598,3592.0,3598.0,-6.0,0.0
3599,,,,0.0
3600,,,,0.0
3601,3594.0,3601.0,-7.0,0.0
3602,3596.0,3602.0,-6.0,0.0
3603,,,,0.0
3604,3598.0,3604.0,-6.0,0.0
3605,3600.0,3605.0,-5.0,0.0
3606,,,,0.0
3607,,,,0.0
3608,3602.0,3608.0,-6.0,0.0
3609,,,,0.0
3610,3604.0,3610.0,-6.0,0.0
3611,,,,0.0
3612,3606.0,3612.0,-6.0,0.0
3613,3608.0,3613.0,-5.0,0.0
3614,,,,0.0
3615,,,,0.0
3616,3610.0,3616.0,-6.0,0.0
3617,,,,0.0
3618,3612.0,3618.0,-6.0,0.0
3619,,,,0.0
3620,3614.0,3620.0,-6.0,0.0
3621,3616.0,3621.0,-5.0,0.0
3622,,,,0.0
3623,3618.0,3623.0,-5.0,0.0
3624,,,,0.0
3625,,,,0.0
3626,3620.0,3626.0,-6.0,0.0
3627,,,,0.0
3628,3622.0,3628.0,-6.0,0.0
3629,,,,0.0
3630,3624.0,3630.0,-6.0,0.0
3631,,,,0.0
3632,3626.0,3632.0,-6.0,0.0
3633,,,,0.0
3634,3628.0,3634.0,-6.0,0.0
3635,,,,0.0
3636,3630.0,3636.0,-6.0,0.0
3637,,,,0.0
3638,3632.0,3638.0,-6.0,0.0
3639,,,,0.0
3640,3634.0,3640.0,-6.0,0.0
3641,,,,0.0
3642,3636.0,3642.0,-6.0,0.0
3643,,,,0.0
3644,3638.0,3644.0,-6.0,0.0
3645,,,,0.0
3646,3640.0,3646.0,-6.0,0.0
3647,,,,0.0
3648,3642.0,3648.0,-6.0,0.0
3649,,,,0.0
3650,,,,0.0
3651,3644.0,3651.0,-7.0,0.0
3652,3646.0,3652.0,-6.0,0.0
3653,,,,0.0
3654,3648.0,3654.0,-6.0,0.0
3655,,,,0.0
3656,,,,0.0
3657,3650.0,3657.0,-7.0,0.0
3658,,,,0.0
3659,3652.0,3659.0,-7.0,0.0
3660,,,,0.0
3661,3654.0,3661.0,-7.0,0.0
3662,3656.0,3662.0,-6.0,0.0
3663,,,,0.0
3664,,,,0.0
3665,3658.0,3665.0,-7.0,0.0
3666,3660.0,3666.0,-6.0,0.0
3667,,,,0.0
3668,3662.0,3668.0,-6.0,0.0
3669,,,,0.0
3670,,,,0.0
3671,3664.0,3671.0,-7.0,0.0
3672,,,,0.0
3673,,,,0.0
3674,3666.0,3674.0,-8.0,0.0
3675,3668.0,3675.0,-7.0,0.0
3676,,,,0.0
3677,3670.0,3677.0,-7.0,0.0
3678,,,,0.0
3679,3672.0,3679.0,-7.0,0.0
3680,,,,0.0
3681,3674.0,3681.0,-7.0,0.0
3682,,,,0.0
3683,3676.0,3683.0,-7.0,0.0
3684,,,,0.0
3685,3678.0,3685.0,-7.0,0.0
3686,,,,0.0
3687,3680.0,3687.0,-7.0,0.0
3688,,,,0.0
3689,3682.0,3689.0,-7.0,0.0
3690,,,,0.0
3691,3684.0,3691.0,-7.0,0.0
3692,,,,0.0
3693,3686.0,3693.0,-7.0,0.0
3694,,,,0.0
3695,3688.0,3695.0,-7.0,0.0
3696,,,,0.0
3697,3690.0,3697.0,-7.0,0.0
3698,3692.0,3698.0,-6.0,0.0
3699,,,,0.0
3700,,,,0.0
3701,3694.0,3701.0,-7.0,0.0
3702,,,,0.0
3703,3696.0,3703.0,-7.0,0.0
3704,,,,0.0
3705,3698.0,3705.0,-7.0,0.0
3706,,,,0.0
3707,3700.0,3707.0,-7.0,0.0
3708,,,,0.0
3709,,,,0.0
3710,3702.0,3710.0,-8.0,0.0
3711,,,,0.0
3712,3704.0,3712.0,-8.0,0.0
3713,,,,0.0
3714,3706.0,3714.0,-8.0,0.0
3715,,,,0.0
3716,3708.0,3716.0,-8.0,0.0
3717,3710.0,3717.0,-7.0,0.0
3718,,,,0.0
3719,,,,0.0
3720,3712.0,3720.0,-8.0,0.0
3721,,,,0.0
3722,3714.0,3722.0,-8.0,0.0
3723,,,,0.0
3724,3716.0,3724.0,-8.0,0.0
3725,,,,0.0
3726,3718.0,3726.0,-8.0,0.0
3727,,,,0.0
3728,3720.0,3728.0,-8.0,0.0
3729,,,,0.0
3730,3722.0,3730.0,-8.0,0.0
3731,,,,0.0
3732,3724.0,3732.0,-8.0,0.0
3733,,,,0.0
3734,3726.0,3734.0,-8.0,0.0
3735,,,,0.0
3736,3728.0,3736.0,-8.0,0.0
3737,,,,0.0
3738,3730.0,3738.0,-8.0,0.0
3739,,,,0.0
3740,3732.0,3740.0,-8.0,0.0
3741,,,,0.0
3742,3734.0,3742.0,-8.0,0.0
3743,,,,0.0
3744,,,,0.0
3745,3736.0,3745.0,-9.0,0.0
3746,3738.0,3746.0,-8.0,0.0
3747,3740.0,3747.0,-7.0,0.0
3748,,,,0.0
3749,,,,0.0
3750,3742.0,3750.0,-8.0,0.0
3751,,,,0.0
3752,,,,0.0
3753,3744.0,3753.0,-9.0,0.0
3754,3746.0,3754.0,-8.0,0.0
3755,,,,0.0
3756,3748.0,3756.0,-8.0,0.0
3757,,,,0.0
3758,3750.0,3758.0,-8.0,0.0
3759,3752.0,3759.0,-7.0,0.0
3760,,,,0.0
3761,3754.0,3761.0,-7.0,0.0
3762,,,,0.0
3763,,,,0.0
3764,3756.0,3764.0,-8.0,0.0
3765,,,,0.0
3766,3758.0,3766.0,-8.0,0.0
3767,,,,0.0
3768,3760.0,3768.0,-8.0,0.0
3769,,,,0.0
3770,,,,0.0
3771,3762.0,3771.0,-9.0,0.0
3772,3764.0,3772.0,-8.0,0.0
3773,,,,0.0
3774,,,,0.0
3775,3766.0,3775.0,-9.0,0.0
3776,,,,0.0
3777,,,,0.0
3778,3768.0,3778.0,-10.0,0.0
3779,3770.0,3779.0,-9.0,0.0
3780,3772.0,3780.0,-8.0,0.0
3781,,,,0.0
3782,3774.0,3782.0,-8.0,0.0
3783,,,,0.0
3784,,,,0.0
3785,3776.0,3785.0,-9.0,0.0
3786,,,,0.0
3787,3778.0,3787.0,-9.0,0.0
3788,3780.0,3788.0,-8.0,0.0
3789,,,,0.0
3790,,,,0.0
3791,3782.0,3791.0,-9.0,0.0
3792,,,,0.0
3793,3784.0,3793.0,-9.0,0.0
3794,,,,0.0
3795,3786.0,3795.0,-9.0,0.0
3796,,,,0.0
3797,3788.0,3797.0,-9.0,0.0
3798,3790.0,3798.0,-8.0,0.0
3799,,,,0.0
3800,,,,0.0
3801,3792.0,3801.0,-9.0,0.0
3802,,,,0.0
3803,3794.0,3803.0,-9.0,0.0
3804,,,,0.0
3805,3796.0,3805.0,-9.0,0.0
3806,,,,0.0
3807,3798.0,3807.0,-9.0,0.0
3808,,,,0.0
3809,3800.0,3809.0,-9.0,0.0
3810,,,,0.0
3811,3802.0,3811.0,-9.0,0.0
3812,,,,0.0
3813,3804.0,3813.0,-9.0,0.0
3814,,,,0.0
3815,3806.0,3815.0,-9.0,0.0
3816,,,,0.0
3817,,,,0.0
3818,3808.0,3818.0,-10.0,0.0
3819,3810.0,3819.0,-9.0,0.0
3820,,,,0.0
3821,3812.0,3821.0,-9.0,0.0
3822,,,,0.0
3823,3814.0,3823.0,-9.0,0.0
3824,,,,0.0
3825,,,,0.0
3826,3816.0,3826.0,-10.0,0.0
3827,3818.0,3827.0,-9.0,0.0
3828,,,,0.0
3829,3822.0,3829.0,-7.0,0.0
3830,,,,0.0
3831,,,,0.0
3832,,,,0.0
3833,3824.0,3833.0,-9.0,0.0
3834,,,,0.0
3835,3826.0,3835.0,-9.0,0.0
3836,,,,0.0
3837,3828.0,3837.0,-9.0,0.0
3838,,,,0.0
3839,3830.0,3839.0,-9.0,0.0
3840,,,,0.0
3841,3832.0,3841.0,-9.0,0.0
3842,,,,0.0
3843,3834.0,3843.0,-9.0,0.0
3844,,,,0.0
3845,3836.0,3845.0,-9.0,0.0
3846,,,,0.0
3847,3838.0,3847.0,-9.0,0.0
3848,,,,0.0
3849,3840.0,3849.0,-9.0,0.0
3850,,,,0.0
3851,3842.0,3851.0,-9.0,0.0
3852,,,,0.0
3853,3844.0,3853.0,-9.0,0.0
3854,,,,0.0
3855,3846.0,3855.0,-9.0,0.0
3856,,,,0.0
3857,3848.0,3857.0,-9.0,0.0
3858,,,,0.0
3859,3850.0,3859.0,-9.0,0.0
3860,,,,0.0
3861,3852.0,3861.0,-9.0,0.0
3862,,,,0.0
3863,,,,0.0
3864,3854.0,3864.0,-10.0,0.0
3865,,,,0.0
3866,3856.0,3866.0,-10.0,0.0
3867,3858.0,3867.0,-9.0,0.0
3868,,,,0.0
3869,,,,0.0
3870,3860.0,3870.0,-10.0,0.0
3871,,,,0.0
3872,3862.0,3872.0,-10.0,0.0
3873,3864.0,3873.0,-9.0,0.0
3874,,,,0.0
3875,3866.0,3875.0,-9.0,0.0
3876,,,,0.0
3877,3868.0,3877.0,-9.0,0.0
3878,,,,0.0
3879,,,,0.0
3880,3870.0,3880.0,-10.0,0.0
3881,,,,0.0
3882,3872.0,3882.0,-10.0,0.0
3883,,,,0.0
3884,3874.0,3884.0,-10.0,0.0
3885,3876.0,3885.0,-9.0,0.0
3886,,,,0.0
3887,3878.0,3887.0,-9.0,0.0
3888,,,,0.0
3889,3880.0,3889.0,-9.0,0.0
3890,,,,0.0
3891,,,,0.0
3892,3882.0,3892.0,-10.0,0.0
3893,3884.0,3893.0,-9.0,0.0
3894,,,,0.0
3895,,,,0.0
3896,,,,0.0
3897,3886.0,3897.0,-11.0,0.0
3898,3888.0,3898.0,-10.0,0.0
3899,,,,0.0
3900,,,,0.0
3901,3892.0,3901.0,-9.0,0.0
3902,,,,0.0
3903,,,,0.0
3904,3894.0,3904.0,-10.0,0.0
3905,,,,0.0
3906,3896.0,3906.0,-10.0,0.0
3907,,,,0.0
3908,3898.0,3908.0,-10.0,0.0
3909,,,,0.0
3910,3900.0,3910.0,-10.0,0.0
3911,,,,0.0
3912,3902.0,3912.0,-10.0,0.0
3913,,,,0.0
3914,3904.0,3914.0,-10.0,0.0
3915,,,,0.0
3916,3906.0,3916.0,-10.0,0.0
3917,,,,0.0
3918,3908.0,3918.0,-10.0,0.0
3919,,,,0.0
3920,3910.0,3920.0,-10.0,0.0
3921,,,,0.0
3922,3912.0,3922.0,-10.0,0.0
3923,,,,0.0
3924,3914.0,3924.0,-10.0,0.0
3925,,,,0.0
3926,3916.0,3926.0,-10.0,0.0
3927,,,,0.0
3928,,,,0.0
3929,3918.0,3929.0,-11.0,0.0
3930,,,,0.0
3931,3920.0,3931.0,-11.0,0.0
3932,3922.0,3932.0,-10.0,0.0
3933,,,,0.0
3934,,,,0.0
3935,3924.0,3935.0,-11.0,0.0
3936,3926.0,3936.0,-10.0,0.0
3937,,,,0.0
3938,3928.0,3938.0,-10.0,0.0
3939,,,,0.0
3940,,,,0.0
3941,3932.0,3941.0,-9.0,0.0
3942,,,,0.0
3943,,,,0.0
3944,3934.0,3944.0,-10.0,0.0
3945,,,,0.0
3946,3936.0,3946.0,-10.0,0.0
3947,,,,0.0
3948,,,,0.0
3949,3938.0,3949.0,-11.0,0.0
3950,3940.0,3950.0,-10.0,0.0
3951,,,,0.0
3952,3942.0,3952.0,-10.0,0.0
3953,,,,0.0
3954,,,,0.0
3955,3944.0,3955.0,-11.0,0.0
3956,3946.0,3956.0,-10.0,0.0
3957,,,,0.0
3958,3948.0,3958.0,-10.0,0.0
3959,,,,0.0
3960,,,,0.0
3961,3950.0,3961.0,-11.0,0.0
3962,,,,0.0
3963,3952.0,3963.0,-11.0,0.0
3964,,,,0.0
3965,3954.0,3965.0,-11.0,0.0
3966,,,,0.0
3967,3956.0,3967.0,-11.0,0.0
3968,,,,0.0
3969,3958.0,3969.0,-11.0,0.0
3970,,,,0.0
3971,3960.0,3971.0,-11.0,0.0
3972,,,,0.0
3973,3962.0,3973.0,-11.0,0.0
3974,,,,0.0
3975,3964.0,3975.0,-11.0,0.0
3976,,,,0.0
3977,3966.0,3977.0,-11.0,0.0
3978,,,,0.0
3979,,,,0.0
3980,3968.0,3980.0,-12.0,0.0
3981,3970.0,3981.0,-11.0,0.0
3982,,,,0.0
3983,3972.0,3983.0,-11.0,0.0
3984,,,,0.0
3985,3974.0,3985.0,-11.0,0.0
3986,,,,0.0
3987,3976.0,3987.0,-11.0,0.0
3988,,,,0.0
3989,,,,0.0
3990,3978.0,3990.0,-12.0,0.0
3991,3980.0,3991.0,-11.0,0.0
3992,,,,0.0
3993,,,,0.0
3994,3982.0,3994.0,-12.0,0.0
3995,3984.0,3995.0,-11.0,0.0
3996,,,,0.0
3997,,,,0.0
3998,3986.0,3998.0,-12.0,0.0
3999,3988.0,3999.0,-11.0,0.0
4000,,,,0.0
4001,,,,0.0
4002,3990.0,4002.0,-12.0,0.0
4003,3992.0,4003.0,-11.0,0.0
4004,,,,0.0
4005,3994.0,4005.0,-11.0,0.0
4006,,,,0.0
4007,,,,0.0
4008,3996.0,4008.0,-12.0,0.0
4009,,,,0.0
4010,3998.0,4010.0,-12.0,0.0
4011,,,,0.0
4012,4000.0,4012.0,-12.0,0.0
4013,,,,0.0
4014,4002.0,4014.0,-12.0,0.0
4015,,,,0.0
4016,4004.0,4016.0,-12.0,0.0
4017,,,,0.0
4018,,,,0.0
4019,4006.0,4019.0,-13.0,0.0
4020,4008.0,4020.0,-12.0,0.0
4021,4010.0,4021.0,-11.0,0.0
4022,,,,0.0
4023,,,,0.0
4024,4012.0,4024.0,-12.0,0.0
4025,,,,0.0
4026,4014.0,4026.0,-12.0,0.0
4027,4016.0,4027.0,-11.0,0.0
4028,,,,0.0
4029,4018.0,4029.0,-11.0,0.0
4030,,,,0.0
4031,,,,0.0
4032,,,,0.0
4033,4020.0,4033.0,-13.0,0.0
4034,4022.0,4034.0,-12.0,0.0
4035,,,,0.0
4036,4024.0,4036.0,-12.0,0.0
4037,,,,0.0
4038,4026.0,4038.0,-12.0,0.0
4039,,,,0.0
4040,4028.0,4040.0,-12.0,0.0
4041,,,,0.0
4042,4030.0,4042.0,-12.0,0.0
4043,,,,0.0
4044,4032.0,4044.0,-12.0,0.0
4045,,,,0.0
4046,4034.0,4046.0,-12.0,0.0
4047,,,,0.0
4048,4036.0,4048.0,-12.0,0.0
4049,,,,0.0
4050,4038.0,4050.0,-12.0,0.0
4051,,,,0.0
4052,4040.0,4052.0,-12.0,0.0
4053,,,,0.0
4054,4042.0,4054.0,-12.0,0.0
4055,,,,0.0
4056,4044.0,4056.0,-12.0,0.0
4057,,,,0.0
4058,4046.0,4058.0,-12.0,0.0
4059,,,,0.0
4060,4048.0,4060.0,-12.0,0.0
4061,,,,0.0
4062,4050.0,4062.0,-12.0,0.0
4063,,,,0.0
4064,4052.0,4064.0,-12.0,0.0
4065,,,,0.0
4066,4054.0,4066.0,-12.0,0.0
4067,,,,0.0
4068,4056.0,4068.0,-12.0,0.0
4069,,,,0.0
4070,4058.0,4070.0,-12.0,0.0
4071,,,,0.0
4072,4060.0,4072.0,-12.0,0.0
4073,,,,0.0
4074,4062.0,4074.0,-12.0,0.0
4075,,,,0.0
4076,4064.0,4076.0,-12.0,0.0
4077,,,,0.0
4078,4066.0,4078.0,-12.0,0.0
4079,,,,0.0
4080,,,,0.0
4081,4068.0,4081.0,-13.0,0.0
4082,4070.0,4082.0,-12.0,0.0
4083,4072.0,4083.0,-11.0,0.0
4084,,,,0.0
4085,4074.0,4085.0,-11.0,0.0
4086,,,,0.0
4087,,,,0.0
4088,4076.0,4088.0,-12.0,0.0
4089,,,,0.0
4090,4078.0,4090.0,-12.0,0.0
4091,,,,0.0
4092,4080.0,4092.0,-12.0,0.0
4093,4082.0,4093.0,-11.0,0.0
4094,4084.0,4094.0,-10.0,0.0
4095,4094.0,4095.0,-1.0,0.0
